Station,LastUpdate,Latitude,Longitude,PM2.5_Min,PM2.5_Max,PM2.5_Avg,PM10_Min,PM10_Max,PM10_Avg,NO2_Min,NO2_Max,NO2_Avg,NH3_Min,NH3_Max,NH3_Avg,SO2_Min,SO2_Max,SO2_Avg,CO_Min,CO_Max,CO_Avg,OZONE_Min,OZONE_Max,OZONE_Avg,AQI,Predominant_Parameter
"Secretariat, Amaravati - APPCB",20-11-2023 12:00:00,16.5150833,80.5181667,NA,NA,NA,NA,NA,NA,,,,,,,NA,NA,NA,NA,NA,NA,NA,NA,NA,,
"Gulzarpet, Anantapur - APPCB",20-11-2023 12:00:00,14.675886,77.593027,15,34,24,16,39,24,17,39,23,2,3,3,4,17,7,20,40,29,16,52,25,29,CO
"Gangineni Cheruvu, Chittoor - APPCB",20-11-2023 12:00:00,13.204880,79.097889,11,30,19,13,35,22,8,21,14,1,2,2,4,18,9,2,5,4,23,92,35,35,OZONE
"Yerramukkapalli, Kadapa - APPCB",20-11-2023 12:00:00,14.465052,78.824187,19,57,37,18,48,32,21,54,30,1,3,1,1,2,2,12,30,21,6,48,21,37,PM2.5
"Anand Kala Kshetram, Rajamahendravaram - APPCB",20-11-2023 12:00:00,16.9872867,81.7363176,31,72,44,43,101,58,12,26,18,2,4,3,9,15,12,6,48,24,20,43,28,58,PM10
"Tirumala, Tirupati - APPCB",20-11-2023 12:00:00,13.67,79.35,22,62,49,23,54,41,35,53,46,2,4,3,3,16,11,14,24,17,25,50,29,49,PM2.5
"Vaikuntapuram, Tirupati - APPCB",20-11-2023 12:00:00,13.615387,79.409230,22,41,31,22,41,31,15,26,19,2,3,3,4,5,5,44,52,48,4,26,13,48,CO
"HB Colony, Vijayawada - APPCB",20-11-2023 12:00:00,16.536107,80.594233,38,72,50,33,73,48,6,19,11,4,5,4,4,17,8,17,19,18,33,88,49,50,PM2.5
"Kanuru, Vijayawada - APPCB",20-11-2023 12:00:00,16.486692,80.699436,39,46,42,36,45,39,14,17,16,1,1,1,1,10,4,36,66,47,39,41,40,47,CO
"Rajiv Gandhi Park, Vijayawada - APPCB",20-11-2023 12:00:00,16.509717,80.612222,30,74,49,27,68,45,36,90,53,3,6,5,7,32,13,32,38,33,22,102,54,54,OZONE
"GVM Corporation, Visakhapatnam - APPCB",20-11-2023 12:00:00,17.72,83.3,38,76,57,60,95,74,12,44,26,2,5,3,4,21,12,14,57,27,3,62,14,74,PM10
"Central Academy for SFS, Byrnihat - PCBA",20-11-2023 12:00:00,26.071318,91.87488,18,493,271,23,500,273,23,61,35,3,3,3,6,8,7,34,112,68,6,8,7,273,PM10
"IITG, Guwahati - PCBA",20-11-2023 12:00:00,26.2028636,91.70046436,12,169,77,15,104,66,1,6,2,5,5,5,10,11,10,6,22,16,2,18,5,77,PM2.5
"LGBI Airport, Guwahati - PCBA",20-11-2023 12:00:00,26.10887,91.589544,27,300,99,39,147,82,2,16,6,1,3,2,2,3,2,8,106,32,2,130,48,99,PM2.5
"Pan Bazaar, Guwahati - PCBA",20-11-2023 12:00:00,26.187500,91.744194,19,196,89,35,140,86,NA,NA,NA,1,2,2,49,73,56,12,78,36,16,16,16,89,PM2.5
"Railway Colony, Guwahati - PCBA",20-11-2023 12:00:00,26.181742,91.78063,17,300,114,25,169,90,3,5,3,,,,27,47,34,10,90,37,12,36,23,114,PM2.5
"Christianpatty, Nagaon - PCBA",20-11-2023 12:00:00,26.349082,92.68449,3,92,40,23,193,112,8,38,18,2,4,3,NA,NA,NA,1,28,25,3,65,6,112,PM10
"Bata Chowk, Nalbari - PCBA",20-11-2023 12:00:00,26.446912,91.439057,32,385,150,74,474,162,36,54,44,8,10,9,9,22,13,26,110,40,18,20,18,162,PM10
"Tarapur, Silchar - PCBA",20-11-2023 12:00:00,24.82827,92.79525,20,26,23,29,63,40,10,19,15,1,1,1,3,7,5,28,44,33,,,,40,PM10
"Girls College, Sivasagar - PCBA",20-11-2023 12:00:00,26.987634,94.636574,7,28,14,17,99,47,11,18,15,1,2,2,4,7,6,8,34,21,2,5,3,47,PM10
"Kharahiya Basti, Araria - BSPCB",20-11-2023 12:00:00,26.146529,87.454184,10,332,177,45,261,141,6,27,8,6,7,6,14,20,17,24,82,58,1,39,8,177,PM2.5
"New DM Office, Arrah - BSPCB",20-11-2023 12:00:00,25.5626095,84.663264,42,500,259,54,457,171,1,8,3,5,9,7,16,22,18,18,29,25,1,61,13,259,PM2.5
"Gurdeo Nagar, Aurangabad - BSPCB",20-11-2023 12:00:00,24.75746,84.366208,NA,NA,NA,NA,NA,NA,6,16,9,1,1,1,8,18,12,16,101,64,1,76,18,,
"DRCC Anandpur, Begusarai - BSPCB",20-11-2023 12:00:00,25.444266,86.140169,83,478,310,73,423,264,6,55,37,4,8,4,5,18,13,24,48,31,5,82,16,310,PM2.5
"Kamalnath Nagar, Bettiah - BSPCB",20-11-2023 12:00:00,26.80365,84.51954,35,342,191,60,386,194,NA,NA,NA,5,5,5,9,19,16,22,110,84,,,,194,PM10
"DM Office_Kachari Chowk, Bhagalpur - BSPCB",20-11-2023 12:00:00,25.251013,86.989001,28,308,137,41,151,96,40,76,50,4,8,5,20,29,24,14,42,38,24,40,29,137,PM2.5
"Mayaganj, Bhagalpur - BSPCB",20-11-2023 12:00:00,25.265194,87.012947,50,332,197,63,264,155,11,30,18,5,8,7,15,27,21,12,16,15,10,18,13,197,PM2.5
"D M Colony, Bihar Sharif - BSPCB",20-11-2023 12:00:00,25.204762,85.514960,20,67,41,24,127,73,9,10,9,2,2,2,2,12,6,10,50,30,5,72,19,73,PM10
"Darshan Nagar, Chhapra - BSPCB",20-11-2023 12:00:00,25.7808257,84.7446768,55,408,273,54,399,193,14,23,20,4,8,6,39,62,51,52,95,57,1,6,2,273,PM2.5
"Collectorate, Gaya - BSPCB",20-11-2023 12:00:00,24.7955,84.9994,30,306,177,,,,11,12,11,,,,4,29,16,30,66,34,47,88,57,177,PM2.5
"Kareemganj, Gaya - BSPCB",20-11-2023 12:00:00,24.792403,84.992416,70,382,240,70,332,175,30,31,31,2,17,5,2,15,9,6,40,31,10,75,32,240,PM2.5
"SFTI Kusdihra, Gaya - BSPCB",20-11-2023 12:00:00,24.762518,84.982348,19,94,55,39,64,52,12,31,17,3,5,5,7,9,8,12,64,50,4,80,14,55,PM2.5
"Industrial Area, Hajipur - BSPCB",20-11-2023 12:00:00,25.697189,85.245900,19,244,94,30,425,158,7,20,12,3,5,4,7,9,8,20,82,52,25,38,33,158,PM10
"Mirchaibari, Katihar - BSPCB",20-11-2023 12:00:00,25.560083,87.553265,13,445,222,42,407,163,28,41,34,6,8,7,18,23,21,29,34,33,20,25,23,222,PM2.5
"SDM Office_Khagra, Kishanganj - BSPCB",20-11-2023 12:00:00,26.0881305,87.93840336,12,413,138,27,482,149,45,107,68,8,10,9,13,21,17,6,40,12,7,15,9,149,PM10
"Forest Rest House, Manguraha - BSPCB",20-11-2023 12:00:00,27.308328,84.531742,40,217,65,45,144,75,23,37,29,NA,NA,NA,1,3,1,32,70,48,10,27,20,75,PM10
"Gandak Colony, Motihari - BSPCB",20-11-2023 12:00:00,26.63086,84.90051,62,372,201,63,319,145,80,127,102,13,21,17,NA,NA,NA,35,80,68,20,89,33,201,PM2.5
"Town Hall, Munger - BSPCB",20-11-2023 12:00:00,25.376776,86.471523,23,87,49,36,121,72,18,20,19,3,3,3,,,,26,60,46,1,11,3,72,PM10
"Buddha Colony, Muzaffarpur - BSPCB",20-11-2023 12:00:00,26.11442,85.39813,95,375,240,108,408,217,3,12,6,7,9,8,7,40,10,48,112,70,7,89,39,240,PM2.5
"MIT-Daudpur Kothi, Muzaffarpur - BSPCB",20-11-2023 12:00:00,26.1403345,85.3650192,57,468,272,101,400,206,5,44,9,2,3,2,18,19,18,28,50,44,4,79,19,272,PM2.5
"Muzaffarpur Collectorate, Muzaffarpur - BSPCB",20-11-2023 12:00:00,26.1209,85.3647,33,305,113,,,,46,60,52,,,,3,7,6,20,62,42,31,43,36,113,PM2.5
"DRM Office Danapur, Patna - BSPCB",20-11-2023 12:00:00,25.586562,85.043586,59,366,222,70,291,175,5,68,31,2,3,2,5,7,6,22,117,73,2,85,19,222,PM2.5
"Govt. High School Shikarpur, Patna - BSPCB",20-11-2023 12:00:00,25.592539,85.227158,NA,NA,NA,NA,NA,NA,NA,NA,NA,NA,NA,NA,NA,NA,NA,NA,NA,NA,NA,NA,NA,,
"IGSC Planetarium Complex, Patna - BSPCB",20-11-2023 12:00:00,25.5941,85.1376,28,315,140,,,,18,21,19,,,,1,4,3,2,9,7,12,17,15,140,PM2.5
"Muradpur, Patna - BSPCB",20-11-2023 12:00:00,25.619651,85.147382,143,375,271,109,462,306,7,93,34,1,18,5,6,30,13,5,128,54,2,52,15,306,PM10
"Rajbansi Nagar, Patna - BSPCB",20-11-2023 12:00:00,25.599486,85.113666,58,96,76,87,296,158,22,76,45,6,10,7,23,28,26,42,93,74,1,82,21,158,PM10
"Samanpura, Patna - BSPCB",20-11-2023 12:00:00,25.596727,85.085624,45,400,263,85,312,186,9,35,18,7,11,9,7,14,10,14,102,70,17,63,34,263,PM2.5
"Mariam Nagar, Purnia - BSPCB",20-11-2023 12:00:00,25.366336,87.117468,NA,NA,NA,NA,NA,NA,NA,NA,NA,NA,NA,NA,NA,NA,NA,NA,NA,NA,NA,NA,NA,,
"Dangi Tola, Rajgir - BSPCB",20-11-2023 12:00:00,25.03280,85.41948,15,325,179,46,209,120,8,8,8,1,2,1,4,4,4,10,11,10,21,24,23,179,PM2.5
"Police Line, Saharsa - BSPCB",20-11-2023 12:00:00,25.892357,86.590325,15,385,219,58,336,153,7,8,7,9,9,9,2,2,2,12,16,15,3,79,20,219,PM2.5
"DM Office_Kasipur, Samastipur - BSPCB",20-11-2023 12:00:00,25.859655,85.77944,43,312,169,41,165,92,2,6,4,2,4,3,14,17,16,30,38,35,6,9,8,169,PM2.5
"Dada Peer, Sasaram - BSPCB",20-11-2023 12:00:00,24.952822,84.002396,21,164,59,22,129,62,7,22,13,3,8,5,NA,NA,NA,14,46,29,4,5,4,62,PM10
"Chitragupta Nagar, Siwan - BSPCB",20-11-2023 12:00:00,26.2271665,84.3570427,NA,NA,NA,NA,NA,NA,32,101,75,2,9,7,2,67,22,83,149,130,15,109,35,,
"Sector 22, Chandigarh - CPCC",20-11-2023 12:00:00,30.735567,76.775714,47,302,107,80,285,134,16,136,58,4,7,5,4,72,13,23,108,31,3,148,30,134,PM10
"Sector-25, Chandigarh - CPCC",20-11-2023 12:00:00,30.751462,76.762879,85,168,112,101,152,120,6,38,16,7,34,16,5,28,10,20,104,39,4,44,5,120,PM10
"Sector-53, Chandigarh - CPCC",20-11-2023 12:00:00,30.719859,76.738637,48,307,132,73,192,124,21,99,57,3,5,4,2,79,13,42,130,68,2,45,7,132,PM2.5
"32Bungalows, Bhilai - CECB",20-11-2023 12:00:00,21.194815,81.314770,63,100,82,69,121,99,15,24,19,6,6,6,10,12,11,29,46,36,4,7,4,99,PM10
"Civic Center, Bhilai - Bhilai Steel Plant",20-11-2023 12:00:00,21.185571,81.343175,28,60,41,30,76,49,4,7,6,1,2,1,8,17,11,27,62,40,9,47,16,49,PM10
"Hathkhoj, Bhilai - CECB",20-11-2023 12:00:00,21.224231,81.408350,49,148,86,62,130,104,21,57,38,8,9,8,15,80,43,12,36,24,25,84,37,104,PM10
"Mangala, Bilaspur - NTPC",20-11-2023 12:00:00,22.08815,82.13737,18,48,29,25,69,40,6,6,6,,,,,,,,,,,,,40,PM10
"Nawapara SECL Colony, Chhal - CECB",20-11-2023 12:00:00,22.118125,83.140608,18,47,34,25,88,49,6,57,16,2,2,2,6,39,13,40,95,62,5,57,14,62,CO
"Rampur, Korba - CECB",20-11-2023 12:00:00,22.368195,82.746431,18,53,26,14,133,61,23,31,27,1,3,2,6,9,8,14,26,23,NA,NA,NA,61,PM10
"Urja Nagar, Korba - CECB",20-11-2023 12:00:00,22.348441,82.549611,9,36,23,22,87,42,57,65,61,3,5,5,8,13,10,20,34,23,47,50,47,61,NO2
"Govt. Higher Secondary School, Milupara - CECB",20-11-2023 12:00:00,22.1910172,83.5197009,7,32,18,11,111,31,7,27,13,1,2,2,7,11,9,16,30,20,9,61,25,31,PM10
"AIIMS, Raipur - CECB",20-11-2023 12:00:00,21.258815,81.578979,NA,NA,NA,NA,NA,NA,NA,NA,NA,,,,NA,NA,NA,NA,NA,NA,NA,NA,NA,,
"Bhatagaon New ISBT, Raipur - CECB",20-11-2023 12:00:00,21.219665,81.630094,34,59,43,31,75,49,38,69,46,1,1,1,3,4,3,28,76,37,3,23,4,49,PM10
"Siltara Phase-II, Raipur - CECB",20-11-2023 12:00:00,21.371751,81.664929,27,53,40,60,193,104,11,31,24,10,13,12,2,6,3,31,59,49,3,10,3,104,PM10
"OP Jindal Industrial Park, Tumidih - CECB",20-11-2023 12:00:00,22.06631475,83.33820077,NA,NA,NA,NA,NA,NA,NA,NA,NA,NA,NA,NA,NA,NA,NA,24,26,26,36,42,36,,
"Alipur, Delhi - DPCC",20-11-2023 12:00:00,28.815329,77.153010,303,443,365,127,348,210,22,110,48,8,13,10,2,23,9,35,112,70,5,199,17,365,PM2.5
"Anand Vihar, Delhi - DPCC",20-11-2023 12:00:00,28.647622,77.3158090,187,500,359,133,500,323,22,80,51,5,13,10,1,18,7,,,,7,241,48,359,PM2.5
"Ashok Vihar, Delhi - DPCC",20-11-2023 12:00:00,28.695381,77.181665,136,367,309,157,447,343,22,52,35,4,7,5,4,11,6,,,,2,7,3,343,PM10
"Aya Nagar, Delhi - IMD",20-11-2023 12:00:00,28.4706914,77.1099364,156,356,261,143,412,206,6,7,7,,,,,,,53,95,86,20,29,22,261,PM2.5
"Bawana, Delhi - DPCC",20-11-2023 12:00:00,28.776200,77.051074,309,500,416,177,500,367,9,83,26,10,14,11,3,9,4,45,125,100,4,131,36,416,PM2.5
"Burari Crossing, Delhi - IMD",20-11-2023 12:00:00,28.7256504,77.2011573,148,397,320,115,400,247,4,7,6,,,,,,,109,119,117,8,139,12,320,PM2.5
"CRRI Mathura Road, Delhi - IMD",20-11-2023 12:00:00,28.5512005,77.2735737,74,343,259,108,397,229,23,33,27,,,,,,,12,108,106,15,71,38,259,PM2.5
"DTU, Delhi - CPCB",20-11-2023 12:00:00,28.7500499,77.1112615,74,336,220,141,455,283,136,401,245,12,49,25,31,33,32,46,116,102,6,23,7,283,PM10
"Dr. Karni Singh Shooting Range, Delhi - DPCC",20-11-2023 12:00:00,28.498571,77.264840,257,423,340,141,402,226,13,74,38,6,12,9,3,22,6,40,117,103,3,98,24,340,PM2.5
"Dwarka-Sector 8, Delhi - DPCC ",20-11-2023 12:00:00,28.5710274,77.0719006,277,500,384,163,500,343,26,117,63,20,30,24,2,8,4,32,130,110,2,59,4,384,PM2.5
"IGI Airport (T3), Delhi - IMD",20-11-2023 12:00:00,28.5627763,77.1180053,208,436,328,129,366,242,6,49,26,,,,,,,46,132,119,1,76,5,328,PM2.5
"IHBAS, Dilshad Garden, Delhi - CPCB",20-11-2023 12:00:00,28.6811736,77.3025234,113,370,248,122,412,189,14,28,21,8,14,12,13,42,18,52,118,86,10,144,24,248,PM2.5
"ITO, Delhi - CPCB",20-11-2023 12:00:00,28.628624,77.241060,228,415,321,129,371,204,52,419,242,4,25,14,4,26,15,14,148,110,37,105,38,321,PM2.5
"Jahangirpuri, Delhi - DPCC",20-11-2023 12:00:00,28.732820,77.170633,277,469,402,165,477,377,11,28,20,10,25,20,11,48,21,40,124,83,10,102,18,402,PM2.5
"Jawaharlal Nehru Stadium, Delhi - DPCC",20-11-2023 12:00:00,28.580280,77.233829,223,407,325,139,328,208,12,123,33,11,18,13,1,33,12,18,141,106,13,101,31,325,PM2.5
"Lodhi Road, Delhi - IMD",20-11-2023 12:00:00,28.5918245,77.2273074,186,386,283,134,318,172,6,8,7,,,,,,,97,124,122,8,98,28,283,PM2.5
"Major Dhyan Chand National Stadium, Delhi - DPCC",20-11-2023 12:00:00,28.611281,77.237738,257,429,332,143,416,238,11,101,44,23,30,26,1,9,6,20,104,83,8,74,17,332,PM2.5
"Mandir Marg, Delhi - DPCC",20-11-2023 12:00:00,28.636429,77.201067,110,473,336,113,417,210,52,81,66,17,20,18,1,8,5,5,105,75,2,29,16,336,PM2.5
"Mundka, Delhi - DPCC",20-11-2023 12:00:00,28.684678,77.076574,302,500,384,157,500,324,29,143,78,6,12,9,11,22,16,28,149,83,6,70,13,384,PM2.5
"NSIT Dwarka, Delhi - CPCB",20-11-2023 12:00:00,28.60909,77.0325413,253,416,345,155,364,252,20,81,52,11,23,17,14,23,18,38,120,89,14,82,23,345,PM2.5
"Najafgarh, Delhi - DPCC",20-11-2023 12:00:00,28.570173,76.933762,240,385,326,129,279,182,8,38,22,20,25,22,2,6,4,25,82,68,1,82,1,326,PM2.5
"Narela, Delhi - DPCC",20-11-2023 12:00:00,28.822836,77.101981,297,432,374,168,421,322,17,93,52,7,14,10,1,11,4,5,119,61,6,72,12,374,PM2.5
"Nehru Nagar, Delhi - DPCC",20-11-2023 12:00:00,28.567890,77.250515,301,500,388,152,445,281,28,224,94,12,25,16,7,19,13,2,132,63,2,252,9,388,PM2.5
"New Moti Bagh, Delhi - MHUA",20-11-2023 12:00:00,28.57834,77.18400,302,456,346,,,,1,16,6,,,,,,,36,141,127,,,,346,PM2.5
"North Campus, DU, Delhi - IMD",20-11-2023 12:00:00,28.6573814,77.1585447,239,424,341,121,409,246,25,61,39,,,,,,,68,120,112,14,67,20,341,PM2.5
"Okhla Phase-2, Delhi - DPCC",20-11-2023 12:00:00,28.530785,77.271255,233,444,370,146,431,319,33,184,94,7,18,13,8,26,14,14,179,96,4,74,17,370,PM2.5
"Patparganj, Delhi - DPCC",20-11-2023 12:00:00,28.623763,77.287209,237,500,377,144,500,322,15,144,79,7,10,9,7,22,16,40,148,105,13,115,58,377,PM2.5
"Punjabi Bagh, Delhi - DPCC",20-11-2023 12:00:00,28.674045,77.131023,293,500,410,145,481,336,60,187,116,5,9,7,NA,NA,NA,2,132,33,15,41,29,410,PM2.5
"Pusa, Delhi - DPCC",20-11-2023 12:00:00,28.639652,77.146275,260,438,334,157,432,231,33,122,48,4,12,6,5,15,8,16,110,97,3,17,4,334,PM2.5
"Pusa, Delhi - IMD",20-11-2023 12:00:00,28.636110,77.173332,185,436,314,120,342,193,23,106,71,,,,,,,72,126,121,26,43,35,314,PM2.5
"R K Puram, Delhi - DPCC",20-11-2023 12:00:00,28.563262,77.186937,273,465,354,157,423,246,24,179,65,6,9,7,2,48,26,30,101,101,8,159,54,354,PM2.5
"Rohini, Delhi - DPCC",20-11-2023 12:00:00,28.732528,77.119920,293,492,392,156,459,345,14,79,50,20,28,24,2,12,5,42,151,106,5,83,40,392,PM2.5
"Shadipur, Delhi - CPCB",20-11-2023 12:00:00,28.6514781,77.1473105,176,500,355,132,500,335,51,104,74,2,75,40,6,76,26,32,103,57,11,66,20,355,PM2.5
"Sirifort, Delhi - CPCB",20-11-2023 12:00:00,28.5504249,77.2159377,273,448,368,154,436,318,33,38,35,6,7,7,34,49,42,22,122,114,8,76,24,368,PM2.5
"Sonia Vihar, Delhi - DPCC",20-11-2023 12:00:00,28.710508,77.249485,253,427,362,145,418,275,19,69,36,7,7,7,1,11,4,2,106,28,4,96,12,362,PM2.5
"Sri Aurobindo Marg, Delhi - DPCC",20-11-2023 12:00:00,28.531346,77.190156,237,378,318,129,263,171,3,81,24,5,12,8,6,50,14,30,105,77,3,39,14,318,PM2.5
"Vivek Vihar, Delhi - DPCC",20-11-2023 12:00:00,28.672342,77.315260,65,361,165,135,418,282,13,74,42,9,14,11,3,10,6,10,153,76,5,21,7,282,PM10
"Wazirpur, Delhi - DPCC",20-11-2023 12:00:00,28.699793,77.165453,297,500,398,185,500,353,7,34,20,,,,8,33,15,5,170,116,4,68,12,398,PM2.5
"Chandkheda, Ahmedabad - IITM",20-11-2023 12:00:00,23.107969,72.574648,73,203,114,88,134,112,11,12,12,2,2,2,2,5,3,12,60,32,24,32,28,114,PM2.5
"Gyaspur, Ahmedabad - IITM",20-11-2023 12:00:00,22.977134,72.553024,108,287,176,120,176,141,10,11,10,3,3,3,11,11,11,7,15,10,31,71,32,176,PM2.5
"Maninagar, Ahmedabad - GPCB",20-11-2023 12:00:00,23.002657,72.591912,100,287,187,99,168,133,11,118,45,,,,8,97,21,28,94,64,11,90,52,187,PM2.5
"Raikhad, Ahmedabad - IITM",20-11-2023 12:00:00,23.020509,72.579261,48,97,66,74,122,93,7,22,9,2,3,2,1,3,1,12,104,29,1,24,11,93,PM10
"Rakhial, Ahmedabad - IITM",20-11-2023 12:00:00,23.016834,72.625775,82,273,152,112,187,141,2,4,3,3,8,5,5,7,6,19,100,27,3,61,33,152,PM2.5
"SAC ISRO Bopal, Ahmedabad - IITM",20-11-2023 12:00:00,23.041137,72.456691,71,73,72,94,98,96,22,24,23,83,87,85,15,17,16,22,26,23,30,32,30,96,PM10
"SAC ISRO Satellite, Ahmedabad - IITM",20-11-2023 12:00:00,23.023389,72.515201,71,73,72,77,78,78,15,19,17,5,7,6,1,4,2,29,32,30,1,48,21,78,PM10
"SVPI Airport Hansol, Ahmedabad - IITM",20-11-2023 12:00:00,23.076793,72.627874,45,124,73,81,142,100,13,18,15,23,25,24,18,22,19,64,102,74,18,38,24,100,PM10
"Sardar Vallabhbhai Patel Stadium, Ahmedabad - IITM",20-11-2023 12:00:00,23.043070,72.562968,93,215,142,116,159,138,3,6,5,1,2,1,3,3,3,36,86,43,5,20,13,142,PM2.5
"GIDC, Ankleshwar - GPCB",20-11-2023 12:00:00,21.613267,73.010555,64,258,140,54,146,100,31,32,31,5,6,6,17,118,47,43,126,92,4,22,14,140,PM2.5
"GIFT City, Gandhinagar - IITM",20-11-2023 12:00:00,23.163798,72.677768,93,159,129,107,137,121,7,13,8,1,2,1,1,3,2,6,16,12,14,39,18,129,PM2.5
"IIPHG Lekawada, Gandhinagar - IITM",20-11-2023 12:00:00,23.243639,72.68994,133,333,227,108,178,131,10,14,11,5,5,5,5,6,6,29,50,41,30,36,34,227,PM2.5
"Sector-10, Gandhinagar - GPCB",20-11-2023 12:00:00,23.221714,72.654328,71,133,95,64,112,86,4,26,10,1,2,1,10,12,11,34,127,46,1,46,15,95,PM2.5
"GIDC, Nandesari - Nandesari Ind. Association",20-11-2023 12:00:00,22.410802,73.097923,23,23,23,16,22,19,2,52,10,,,,,,,50,50,50,,,,50,CO
"Science Center, Surat - SMC",20-11-2023 12:00:00,21.170046,72.795405,28,429,199,29,500,194,5,18,10,,,,9,13,11,26,64,51,,,,199,PM2.5
"Phase-1 GIDC, Vapi - GPCB",20-11-2023 12:00:00,20.362421,72.918013,52,303,142,106,331,184,,,,6,6,6,45,46,46,130,185,170,1,6,2,184,PM10
"Phase-4 GIDC, Vatva - GPCB",20-11-2023 12:00:00,22.969611,72.643500,87,152,107,86,120,101,23,124,49,2,2,2,5,7,6,62,66,64,7,57,34,107,PM2.5
"Patti Mehar, Ambala - HSPCB",20-11-2023 12:00:00,30.379589,76.778328,84,283,163,73,152,110,77,225,158,13,67,34,20,28,25,48,113,89,18,36,27,163,PM2.5
"Arya Nagar, Bahadurgarh - HSPCB",20-11-2023 12:00:00,28.6701,76.9254,204,446,359,106,426,288,31,39,36,10,12,11,1,15,11,88,103,99,55,69,63,359,PM2.5
"Nathu Colony, Ballabgarh - HSPCB",20-11-2023 12:00:00,28.3419248,77.319699,149,381,303,109,365,229,11,13,12,1,2,2,2,14,6,2,108,30,1,62,11,303,PM2.5
"H.B. Colony, Bhiwani - HSPCB",20-11-2023 12:00:00,28.806223,76.141105,74,397,267,109,231,170,3,20,14,1,6,4,7,14,10,19,69,58,17,28,20,267,PM2.5
"Mini Secretariat, Charkhi Dadri - HSPCB",20-11-2023 12:00:00,28.593883,76.270653,110,343,244,103,243,157,10,18,12,5,7,6,10,34,16,28,103,72,14,17,15,244,PM2.5
"Municipal Corporation Office, Dharuhera - HSPCB",20-11-2023 12:00:00,28.206800,76.799700,114,378,303,100,387,230,45,113,74,9,26,20,13,18,15,25,113,45,3,147,38,303,PM2.5
"New Industrial Town, Faridabad - HSPCB",20-11-2023 12:00:00,28.39072,77.30059,357,377,366,169,500,338,NA,NA,NA,NA,NA,NA,NA,NA,NA,4,103,45,6,58,11,366,PM2.5
"Sector 11, Faridabad - HSPCB",20-11-2023 12:00:00,28.376058,77.315741,114,456,298,124,436,264,30,32,31,6,6,6,18,20,19,39,108,89,3,5,3,298,PM2.5
"Sector 30, Faridabad - HSPCB",20-11-2023 12:00:00,28.4417,77.3217,136,500,321,112,500,207,30,33,31,9,9,9,4,8,5,28,119,102,1,37,2,321,PM2.5
"Sector- 16A, Faridabad - HSPCB",20-11-2023 12:00:00,28.4088421,77.3099081,240,434,338,,,,8,43,25,,,,12,60,46,10,85,28,14,14,14,338,PM2.5
"Huda Sector, Fatehabad - HSPCB",20-11-2023 12:00:00,29.503664,75.467934,184,423,344,119,344,219,29,32,30,9,11,10,4,53,22,5,29,8,13,77,22,344,PM2.5
"NISE Gwal Pahari, Gurugram - IMD",20-11-2023 12:00:00,28.422681,77.148944,43,324,183,41,194,111,7,80,17,,,,,,,63,112,83,3,61,6,183,PM2.5
"Sector-51, Gurugram - HSPCB",20-11-2023 12:00:00,28.4227,77.0667,283,438,345,123,456,242,13,18,15,10,14,10,2,4,3,45,131,106,9,41,11,345,PM2.5
"Teri Gram, Gurugram - HSPCB",20-11-2023 12:00:00,28.4275,77.1465,172,314,235,123,229,152,8,24,12,15,21,16,2,5,4,27,51,35,16,76,20,235,PM2.5
"Vikas Sadan, Gurugram - HSPCB",20-11-2023 12:00:00,28.4501238,77.0263051,54,325,226,,,,5,24,13,,,,11,77,42,54,129,104,8,69,17,226,PM2.5
"Urban Estate-II, Hisar - HSPCB",20-11-2023 12:00:00,29.140560,75.744941,84,348,274,107,358,179,6,9,8,2,3,3,43,114,91,40,133,94,2,164,16,274,PM2.5
"Police Lines, Jind - HSPCB",20-11-2023 12:00:00,29.307814,76.337619,114,373,279,104,232,163,9,15,12,2,6,4,1,19,6,16,73,29,2,29,7,279,PM2.5
"Rishi Nagar, Kaithal - HSPCB",20-11-2023 12:00:00,29.8006,76.4155,119,320,221,138,242,173,24,26,25,8,8,8,4,47,21,10,92,54,16,79,31,221,PM2.5
"Sector-12, Karnal - HSPCB",20-11-2023 12:00:00,29.695300,77.002700,75,279,158,83,190,135,7,12,10,10,13,11,1,45,15,5,5,5,11,12,11,158,PM2.5
"Sector-7, Kurukshetra - HSPCB",20-11-2023 12:00:00,29.966942,76.875879,123,314,230,101,176,132,17,21,19,6,6,6,1,43,13,19,120,35,3,90,11,230,PM2.5
"General Hospital, Mandikhera - HSPCB",20-11-2023 12:00:00,27.9002,76.9938,31,63,46,130,170,134,17,21,19,18,20,19,31,40,35,8,70,58,24,35,30,134,PM10
"Sector-2 IMT, Manesar - HSPCB",20-11-2023 12:00:00,28.360699,76.936090,91,336,234,109,299,184,2,2,2,6,18,13,5,92,25,16,116,50,4,104,22,234,PM2.5
"Shastri Nagar, Narnaul - HSPCB",20-11-2023 12:00:00,28.060249,76.113115,71,329,234,57,228,160,116,182,149,38,65,52,11,12,12,8,16,15,1,88,6,234,PM2.5
"Shyam Nagar, Palwal - HSPCB",20-11-2023 12:00:00,28.1485564,77.3320667,31,72,58,75,193,131,5,6,5,2,3,3,2,17,9,30,60,54,4,45,10,131,PM10
"Sector-6, Panchkula - HSPCB ",20-11-2023 12:00:00,30.7057778,76.8531805555555,26,96,50,,,,24,26,25,,,,9,10,9,26,28,27,43,54,47,50,PM2.5
"Sector-18, Panipat - HSPCB",20-11-2023 12:00:00,29.497973,76.993331,155,182,165,148,161,153,28,31,30,2,3,2,12,13,12,23,28,25,30,35,32,165,PM2.5
"MD University, Rohtak - HSPCB",20-11-2023 12:00:00,28.52123,76.37138,130,362,287,,,,31,40,35,,,,1,18,9,10,111,22,35,43,40,287,PM2.5
"F-Block, Sirsa - HSPCB",20-11-2023 12:00:00,29.536400,75.015800,260,432,334,134,389,201,10,28,13,12,41,18,12,26,18,48,110,101,23,47,39,334,PM2.5
"Murthal, Sonipat - HSPCB",20-11-2023 12:00:00,29.027200,77.062100,175,411,367,105,298,231,37,44,40,5,10,9,12,29,20,20,59,54,16,36,22,367,PM2.5
"Gobind Pura, Yamuna Nagar - HSPCB",20-11-2023 12:00:00,30.1480566,77.2893471,67,240,143,84,175,133,11,103,39,7,17,10,2,10,6,38,117,56,6,33,8,143,PM2.5
"HIMUDA Complex Phase-1, Baddi - HPPCB",20-11-2023 12:00:00,30.943887,76.801991,65,302,110,76,198,106,12,62,20,3,5,4,12,45,20,16,57,25,52,152,80,110,PM2.5
"Rajbagh, Srinagar - JKSPCB",20-11-2023 12:00:00,34.066206,74.819820,NA,NA,NA,NA,NA,NA,NA,NA,NA,NA,NA,NA,NA,NA,NA,18,32,20,6,13,6,,
"Sardar Patel Nagar, Dhanbad - JSPCB",20-11-2023 12:00:00,23.80569,86.44268,NA,NA,NA,NA,NA,NA,NA,NA,NA,,,,NA,NA,NA,,,,9,16,10,,
"Vidayagiri, Bagalkot - KSPCB",20-11-2023 12:00:00,16.172806,75.659694,27,41,40,38,46,39,15,17,17,2,2,2,8,10,8,20,42,30,1,21,8,40,PM2.5
"Ramteerth Nagar, Belgaum - KSPCB",20-11-2023 12:00:00,15.888653,74.541751,18,50,29,34,97,66,1,33,10,1,2,1,12,18,14,46,48,46,19,20,20,66,PM10
"BTM Layout, Bengaluru - CPCB",20-11-2023 12:00:00,12.9135218,77.5950804,22,54,31,34,63,44,28,28,28,3,3,3,9,12,12,38,54,49,26,42,27,49,CO
"Bapuji Nagar, Bengaluru - KSPCB",20-11-2023 12:00:00,12.951913,77.539784,55,120,80,48,118,73,9,13,11,1,1,1,6,7,6,14,88,50,10,12,11,80,PM2.5
"City Railway Station, Bengaluru - KSPCB",20-11-2023 12:00:00,12.9756843,77.5660749,,,,79,103,90,25,27,26,,,,13,14,13,54,92,67,,,,90,PM10
"Hebbal, Bengaluru - KSPCB",20-11-2023 12:00:00,13.029152,77.585901,21,62,44,32,68,49,,,,,,,26,33,30,,,,7,8,8,49,PM10
"Hombegowda Nagar, Bengaluru - KSPCB",20-11-2023 12:00:00,12.938539,77.590100,32,56,41,31,56,42,,,,,,,4,5,5,10,25,14,20,47,38,42,PM10
"Jayanagar 5th Block, Bengaluru - KSPCB",20-11-2023 12:00:00,12.920984,77.584908,42,84,59,44,118,70,12,18,14,3,4,4,19,25,21,1,79,32,26,36,34,70,PM10
"Jigani, Bengaluru - KSPCB",20-11-2023 12:00:00,12.7816279,77.6299145,22,86,49,47,94,71,35,36,35,3,3,3,16,16,16,34,73,47,23,66,45,71,PM10
"Kasturi Nagar, Bengaluru - KSPCB",20-11-2023 12:00:00,13.003872,77.664217,16,48,34,18,54,37,16,17,17,4,4,4,8,8,8,23,26,25,1,41,15,37,PM10
"Peenya, Bengaluru - CPCB",20-11-2023 12:00:00,13.0270199,77.494094,18,52,34,23,57,36,18,25,22,5,5,5,5,16,9,22,44,37,34,34,34,37,CO
"RVCE-Mailasandra, Bengaluru - KSPCB",20-11-2023 12:00:00,12.921418,77.502466,NA,NA,NA,NA,NA,NA,31,31,31,4,4,4,7,10,8,44,59,52,40,40,40,,
"Sanegurava Halli, Bengaluru - KSPCB",20-11-2023 12:00:00,12.990328,77.5431385,,,,40,47,43,21,37,26,,,,2,3,2,16,54,31,,,,43,PM10
"Shivapura_Peenya, Bengaluru - KSPCB",20-11-2023 12:00:00,13.0246342,77.5080115,20,54,38,31,51,43,15,16,15,4,4,4,5,21,8,16,38,26,13,45,26,43,PM10
"Silk Board, Bengaluru - KSPCB",20-11-2023 12:00:00,12.917348,77.622813,53,227,92,45,126,72,23,33,26,2,3,2,4,10,7,2,30,13,16,45,23,92,PM2.5
"Naubad, Bidar - KSPCB",20-11-2023 12:00:00,17.930306,77.482194,60,222,106,70,121,92,7,9,8,2,3,3,14,20,16,25,56,31,20,41,29,106,PM2.5
"Urban, Chamarajanagar - KSPCB",20-11-2023 12:00:00,11.55358,76.55521,20,45,30,37,55,44,25,32,29,1,2,2,2,8,4,18,62,20,14,35,21,44,PM10
"Chikkaballapur Rural, Chikkaballapur - KSPCB",20-11-2023 12:00:00,13.428828,77.731418,29,67,49,22,63,42,3,12,6,1,1,1,11,16,13,22,30,25,27,44,35,49,PM2.5
"Kalyana Nagara, Chikkamagaluru - KSPCB",20-11-2023 12:00:00,13.328028,75.797056,9,71,37,23,72,46,17,24,20,3,4,3,1,6,4,11,92,27,15,53,23,46,PM10
"Devaraj Urs Badavane, Davanagere - KSPCB",20-11-2023 12:00:00,14.475800,75.905200,33,65,45,35,78,53,8,12,11,1,1,1,1,6,3,10,16,14,16,26,22,53,PM10
"Kalabhavan, Dharwad - KSPCB",20-11-2023 12:00:00,15.459706,75.008381,12,30,22,18,51,39,7,31,19,3,3,3,3,6,4,32,112,62,14,78,38,62,CO
"Panchal Nagar, Gadag - KSPCB",20-11-2023 12:00:00,15.411456,75.638133,16,38,27,21,36,30,7,19,13,1,2,2,2,9,4,46,55,49,21,45,25,49,CO
"B.Katihalli, Hassan - KSPCB",20-11-2023 12:00:00,13.008556,76.125258,40,73,53,47,88,64,7,35,16,2,5,3,5,36,16,10,35,14,2,22,12,64,PM10
"Ashwini Nagar, Haveri - KSPCB",20-11-2023 12:00:00,14.791800,75.389600,36,98,64,50,111,76,15,35,20,3,6,3,19,19,19,40,41,40,19,20,19,76,PM10
"Deshpande Nagar, Hubballi - KSPCB",20-11-2023 12:00:00,15.351773,75.140726,36,73,54,NA,NA,NA,22,27,25,8,15,12,11,11,11,53,66,59,24,58,33,59,CO
"Lingaraj Nagar, Hubballi - KSPCB",20-11-2023 12:00:00,15.3714823,75.1160168,17,50,28,22,42,32,7,8,8,2,2,2,1,6,1,20,44,33,27,99,44,44,OZONE
"Lal Bahadur Shastri Nagar, Kalaburagi - KSPCB",20-11-2023 12:00:00,17.321993,76.822628,,,,4,105,37,11,12,12,1,1,1,18,69,65,30,44,31,6,58,19,65,SO2
"Mahatma Basaveswar Colony, Kalaburgi - KSPCB",20-11-2023 12:00:00,17.336318,76.847397,20,48,29,29,71,48,5,16,9,1,5,3,3,11,5,35,54,41,21,66,34,48,PM10
"Tamaka Ind. Area, Kolar - KSPCB",20-11-2023 12:00:00,13.1276288,78.1570122,NA,NA,NA,NA,NA,NA,6,50,13,3,6,4,11,13,13,101,106,104,14,47,28,,
"Diwator Nagar, Koppal - KSPCB",20-11-2023 12:00:00,15.347630,76.181767,22,36,28,34,63,47,5,22,12,4,9,5,18,37,23,34,78,46,9,42,16,47,PM10
"Stuart Hill, Madikeri - KSPCB",20-11-2023 12:00:00,12.415911,75.735050,12,40,26,18,45,31,7,15,9,NA,NA,NA,4,4,4,3,46,16,23,34,30,31,PM10
"Kadri, Mangalore - KSPCB",20-11-2023 12:00:00,12.889250,74.853000,NA,NA,NA,NA,NA,NA,NA,NA,NA,NA,NA,NA,NA,NA,NA,41,83,52,30,36,33,,
"Hebbal 1st Stage, Mysuru - KSPCB",20-11-2023 12:00:00,12.21041,76.37376,19,37,28,29,52,39,13,30,22,1,8,3,1,4,3,11,44,23,3,78,14,39,PM10
"Haji Colony, Raichur - KSPCB",20-11-2023 12:00:00,16.208139,77.348417,9,82,34,NA,NA,NA,12,31,22,1,4,3,52,63,57,57,82,64,3,5,3,64,CO
"Vijay Nagar, Ramanagara - KSPCB",20-11-2023 12:00:00,12.733409,77.298051,22,75,49,22,52,39,10,38,22,2,3,2,29,40,34,10,30,23,16,80,34,49,PM2.5
"Vinoba Nagara, Shivamogga - KSPCB",20-11-2023 12:00:00,13.940000,75.555917,27,50,36,55,81,64,16,23,21,2,4,3,2,9,4,6,45,17,14,40,20,64,PM10
"Thimmalapura, Tumakuru - KSPCB",20-11-2023 12:00:00,13.377516,77.099072,34,99,63,45,129,87,NA,NA,NA,NA,NA,NA,4,10,5,21,34,26,11,49,20,87,PM10
"Brahmagiri, Udupi - KSPCB",20-11-2023 12:00:00,13.34194444,74.74694444,,,,65,148,81,,,,,,,8,9,9,18,74,33,73,74,73,81,PM10
"Ibrahimpur, Vijayapura - KSPCB",20-11-2023 12:00:00,16.802639,75.722694,24,27,25,30,44,42,20,23,22,2,2,2,7,9,8,20,123,28,28,28,28,42,PM10
"Collector Office, Yadgir - KSPCB",20-11-2023 12:00:00,16.7602,77.1428,36,82,53,39,85,54,NA,NA,NA,NA,NA,NA,1,36,20,14,20,17,18,19,19,54,PM10
"Udyogamandal, Eloor - Kerala PCB",20-11-2023 12:00:00,10.073232,76.302765,56,63,59,68,77,72,9,10,9,NA,NA,NA,6,7,7,60,69,64,20,23,21,72,PM10
"Thavakkara, Kannur - Kerala PCB",20-11-2023 12:00:00,11.875000,75.373200,37,43,40,52,60,56,6,7,6,1,1,1,NA,NA,NA,9,48,36,14,18,16,56,PM10
"Vyttila, Kochi - Kerala PCB",20-11-2023 12:00:00,9.969447,76.321186,50,119,68,33,168,94,1,6,2,2,3,2,6,6,6,50,51,50,,,,94,PM10
"Polayathode, Kollam - Kerala PCB",20-11-2023 12:00:00,8.8787,76.6073,13,133,50,39,101,61,8,9,8,1,1,1,1,66,6,12,65,34,24,28,25,61,PM10
"Plammoodu, Thiruvananthapuram - Kerala PCB",20-11-2023 12:00:00,8.5149093,76.9435879,13,47,27,21,50,34,13,14,13,2,2,2,6,12,9,8,42,25,8,50,15,34,PM10
"Corporation Ground, Thrissur - Kerala PCB",20-11-2023 12:00:00,10.532400,76.215900,47,55,51,53,64,59,9,11,10,1,1,1,1,14,6,14,107,16,35,42,39,59,PM10
"Idgah Hills, Bhopal - MPPCB",20-11-2023 12:00:00,23.264759,77.381568,190,358,285,103,209,140,14,65,33,4,7,6,8,38,21,33,92,44,44,146,75,285,PM2.5
"Paryavaran Parisar, Bhopal - MPPCB",20-11-2023 12:00:00,23.210494,77.425409,127,408,287,90,270,158,18,103,57,1,4,3,5,20,11,11,118,27,3,120,26,287,PM2.5
"T T Nagar, Bhopal - MPPCB",20-11-2023 12:00:00,23.233584,77.400574,156,353,259,116,338,168,26,100,53,2,4,3,18,41,30,26,130,52,1,185,67,259,PM2.5
"Shrivastav Colony, Damoh - MPPCB",20-11-2023 12:00:00,23.81748678,79.446246,16,60,38,40,82,63,6,7,7,,,,,,,22,23,22,,,,63,PM10
"Bhopal Chauraha, Dewas - MPPCB",20-11-2023 12:00:00,22.9682591,76.064118,148,306,211,103,211,132,12,12,12,3,3,3,35,51,43,24,88,34,17,59,37,211,PM2.5
"City Center, Gwalior - MPPCB",20-11-2023 12:00:00,26.203442,78.193251,55,302,172,136,220,180,3,4,4,1,2,2,25,34,28,30,41,33,37,39,38,180,PM10
"Deen Dayal Nagar, Gwalior - MPPCB",20-11-2023 12:00:00,26.259242,78.216432,84,227,141,113,189,147,59,114,82,20,28,23,21,26,23,52,107,86,12,202,161,161,OZONE
"Maharaj Bada, Gwalior - MPPCB",20-11-2023 12:00:00,26.200388,78.147714,80,327,211,132,422,269,22,112,54,1,3,2,8,27,15,16,134,40,13,146,39,269,PM10
"Phool Bagh, Gwalior - Mondelez Ind. Food",20-11-2023 12:00:00,26.210536,78.171,55,409,234,48,341,149,3,5,4,,,,36,69,44,32,60,33,,,,234,PM2.5
"Chhoti Gwaltoli, Indore - MPPCB",20-11-2023 12:00:00,22.4310,75.5213,155,322,242,108,190,137,14,71,35,3,9,7,5,54,23,16,170,65,14,126,87,242,PM2.5
"Gupteshwar, Jabalpur - JMC",20-11-2023 12:00:00,23.142888,79.916147,47,260,86,46,137,71,17,104,38,3,6,6,7,33,14,34,117,49,11,87,26,86,PM2.5
"Marhatal, Jabalpur - MPPCB",20-11-2023 12:00:00,23.168606,79.932247,78,308,130,76,198,115,27,47,35,2,2,2,6,8,7,36,115,57,16,107,37,130,PM2.5
"Suhagi, Jabalpur - JMC",20-11-2023 12:00:00,23.218135,79.957770,50,283,99,52,199,101,9,12,11,3,4,4,7,24,13,2,106,30,6,111,21,101,PM10
"Gole Bazar, Katni - MPPCB",20-11-2023 12:00:00,23.50016,80.23284,67,212,112,78,141,105,29,78,47,3,5,5,13,31,19,18,70,32,39,105,57,112,PM2.5
"Sahilara, Maihar - KJS Cements",20-11-2023 12:00:00,24.2613009,80.7231783,32,86,59,47,91,63,14,14,14,,,,12,17,13,21,35,25,,,,63,PM10
"Sector-D Industrial Area, Mandideep - MPPCB",20-11-2023 12:00:00,23.108440,77.511428,31,178,73,69,277,143,28,89,60,7,9,8,18,112,46,22,103,72,13,50,15,143,PM10
"Sector-2 Industrial Area, Pithampur - MPPCB",20-11-2023 12:00:00,22.624758,75.675238,122,298,198,109,169,133,10,22,16,2,3,3,16,18,17,4,70,66,31,63,40,198,PM2.5
"Shasthri Nagar, Ratlam - IPCA Lab",20-11-2023 12:00:00,23.331731,75.045981,96,243,168,120,214,153,14,72,33,,,,11,14,12,,,,,,,168,PM2.5
"Civil Lines, Sagar - MPPCB",20-11-2023 12:00:00,23.838586,78.759431,88,280,171,81,138,111,13,47,26,4,5,4,5,19,10,19,35,27,33,110,53,171,PM2.5
"Deen Dayal Nagar, Sagar - MPPCB",20-11-2023 12:00:00,23.8640158,78.80289321,33,87,59,102,211,157,14,23,22,,,,7,9,9,24,78,54,,,,157,PM10
"Bandhavgar Colony, Satna - Birla Cement",20-11-2023 12:00:00,24.58434363,80.8549414,35,53,46,32,32,32,18,19,19,,,,NA,NA,NA,21,50,32,67,101,73,73,OZONE
"Suryakiran Bhawan NCL, Singrauli - MPPCB",20-11-2023 12:00:00,24.108970,82.645580,39,278,106,84,280,145,17,92,49,2,4,3,42,108,75,57,104,88,17,63,23,145,PM10
"Mahakaleshwar Temple, Ujjain - MPPCB",20-11-2023 12:00:00,23.182719 ,75.768218 ,131,310,246,115,198,157,6,48,24,6,8,7,11,31,19,34,101,51,50,190,85,246,PM2.5
"Tarakpur, Ahmednagar - MPCB",20-11-2023 12:00:00,19.10122,74.73339,32,112,69,65,163,110,31,129,67,1,7,3,3,53,12,15,104,30,17,138,70,110,PM10
"Ramdaspeth, Akola - MPCB",20-11-2023 12:00:00,20.719516,77.000253,26,253,64,54,409,113,11,106,35,5,19,8,14,24,18,26,136,33,2,105,47,113,PM10
"Shivneri Colony, Amravati - MPCB",20-11-2023 12:00:00,20.9402359,77.7895248,63,111,86,81,120,102,12,89,36,1,2,2,15,54,28,16,46,22,14,143,54,102,PM10
"Shri Shivaji Science College, Amaravati - MPCB",20-11-2023 12:00:00,20.939198,77.765701,97,198,137,99,164,122,9,124,40,1,5,2,33,64,44,37,116,42,1,103,54,137,PM2.5
"More Chowk Waluj, Aurangabad - MPCB",20-11-2023 12:00:00,19.8389439,75.244448,18,236,134,40,137,90,31,34,32,1,2,1,10,12,10,10,98,20,13,125,77,134,PM2.5
"Rachnakar Colony, Aurangabad - MPCB",20-11-2023 12:00:00,19.863756,75.321188,32,326,165,107,187,133,17,134,40,2,2,2,16,30,22,,,,32,77,36,165,PM2.5
"Katrap, Badlapur - MPCB",20-11-2023 12:00:00,19.16485,73.23409,119,228,180,141,223,168,20,65,40,2,3,3,6,13,9,32,104,45,1,301,6,180,PM2.5
"CBD Belapur, Belapur - MPCB",20-11-2023 12:00:00,19.0243902,73.0406721,50,113,79,80,134,105,15,42,29,8,23,14,7,8,7,26,58,41,2,243,13,105,PM10
"Gokul Nagar, Bhiwandi - MPCB",20-11-2023 12:00:00,19.309073,73.057223,69,274,162,120,333,175,23,100,59,7,15,10,4,24,10,10,67,47,2,106,14,175,PM10
"Khaira, Boisar - MPCB",20-11-2023 12:00:00,19.786089,72.757971,NA,NA,NA,NA,NA,NA,NA,NA,NA,NA,NA,NA,NA,NA,NA,NA,NA,NA,NA,NA,NA,,
"Chauhan Colony, Chandrapur - MPCB",20-11-2023 12:00:00,19.962900,79.298714,48,312,108,50,166,83,12,47,18,4,7,5,3,14,7,34,55,40,71,166,112,112,OZONE
"MIDC Khutala, Chandrapur - MPCB",20-11-2023 12:00:00,19.9775302,79.2337086,NA,NA,NA,NA,NA,NA,NA,NA,NA,NA,NA,NA,NA,NA,NA,22,78,44,1,1,1,,
"Deopur, Dhule - MPCB",20-11-2023 12:00:00,20.918946,74.776388,95,156,122,106,296,137,8,38,16,1,2,1,2,71,17,18,38,29,8,63,18,137,PM10
"Prabhat Colony, Jalgaon - MPCB",20-11-2023 12:00:00,21.001264,75.565602,85,151,117,76,406,127,13,116,45,1,2,1,6,18,10,2,11,7,13,87,56,127,PM10
"Old MIDC, Jalna - MPCB",20-11-2023 12:00:00,19.854616,75.905894,83,144,103,95,155,113,34,48,42,6,8,7,2,3,3,26,36,31,36,58,38,113,PM10
"Khadakpada, Kalyan - MPCB",20-11-2023 12:00:00,19.25292,73.142019,36,91,55,81,172,107,15,99,37,1,2,1,13,86,32,8,56,11,7,31,10,107,PM10
"Shivaji University, Kolhapur - MPCB",20-11-2023 12:00:00,16.6870449,74.2505872,11,179,135,46,178,112,16,115,53,4,9,6,1,9,4,10,101,36,1,135,23,135,PM2.5
"Sinchan Bhavan, Kolhapur - MPCB",20-11-2023 12:00:00,16.7143745,74.2426398,97,236,141,113,174,139,15,81,40,7,8,8,1,2,1,40,80,48,2,91,19,141,PM2.5
"Sawe Wadi, Latur - MPCB",20-11-2023 12:00:00,18.39963,76.57452,NA,NA,NA,NA,NA,NA,NA,NA,NA,NA,NA,NA,NA,NA,NA,NA,NA,NA,NA,NA,NA,,
"Kamble Tarf Birwadi, Mahad - MPCB",20-11-2023 12:00:00,18.1023399,73.4783687,176,305,232,110,139,125,9,58,25,5,6,5,21,81,39,28,52,32,4,92,7,232,PM2.5
"Mahesh Nagar, Malegaon - MPCB",20-11-2023 12:00:00,20.555712,74.529236,97,170,134,130,171,153,7,21,11,4,8,6,8,14,10,14,24,18,7,78,15,153,PM10
"Bhayandar West, Mira-Bhayandar - MPCB",20-11-2023 12:00:00,19.296481,72.840923,NA,NA,NA,NA,NA,NA,NA,NA,NA,NA,NA,NA,NA,NA,NA,NA,NA,NA,NA,NA,NA,,
"Bandra Kurla Complex, Mumbai - IITM",20-11-2023 12:00:00,19.053536,72.84643,97,214,146,102,142,117,31,60,47,3,3,3,1,61,24,42,54,45,7,17,8,146,PM2.5
"Bandra Kurla Complex, Mumbai - MPCB",20-11-2023 12:00:00,19.065931,72.862131,71,168,107,70,165,107,29,92,61,15,58,25,4,14,6,31,110,57,1,64,11,107,PM10
"Borivali East, Mumbai - IITM",20-11-2023 12:00:00,19.23241,72.86895,69,196,115,152,161,155,57,123,96,6,9,7,,,,1,22,10,1,3,2,155,PM10
"Borivali East, Mumbai - MPCB",20-11-2023 12:00:00,19.2243333,72.8658113,24,126,60,36,128,71,5,21,9,1,1,1,4,6,5,,,,14,85,26,71,PM10
"Byculla, Mumbai - BMC",20-11-2023 12:00:00,18.9767,72.8380,63,179,104,50,254,108,22,102,58,1,41,14,3,21,8,6,92,36,1,97,16,108,PM10
"Chakala-Andheri East, Mumbai - IITM",20-11-2023 12:00:00,19.11074,72.86084,49,81,66,71,115,96,46,148,87,5,41,14,1,33,14,22,100,43,16,28,24,96,PM10
"Chembur, Mumbai - MPCB",20-11-2023 12:00:00,19.0364585,72.8954371,NA,NA,NA,NA,NA,NA,30,74,54,2,3,2,6,41,12,34,36,36,2,75,15,,
"Chhatrapati Shivaji Intl. Airport (T2), Mumbai - MPCB",20-11-2023 12:00:00,19.10078,72.87462,36,68,52,86,141,115,NA,NA,NA,5,10,6,3,3,3,56,110,89,1,18,5,115,PM10
"Colaba, Mumbai - MPCB",20-11-2023 12:00:00,18.910000,72.820000,44,92,56,56,110,71,53,95,65,2,3,2,12,21,18,35,64,41,8,16,13,71,PM10
"Deonar, Mumbai - IITM",20-11-2023 12:00:00,19.04946,72.9230,80,234,118,86,156,109,16,30,23,2,3,2,1,19,8,54,92,81,2,154,24,118,PM2.5
"Ghatkopar, Mumbai - BMC",20-11-2023 12:00:00,19.083694,72.920967,56,192,95,68,109,85,26,38,32,NA,NA,NA,1,7,3,8,40,21,1,42,12,95,PM2.5
"Kandivali East, Mumbai - MPCB",20-11-2023 12:00:00,19.205800,72.868200,47,140,86,74,167,122,41,103,75,5,9,6,8,17,11,40,103,56,9,74,15,122,PM10
"Kandivali West, Mumbai - BMC",20-11-2023 12:00:00,19.215859,72.831718,67,135,100,122,176,144,18,81,41,1,3,1,6,13,10,16,85,31,1,64,13,144,PM10
"Kherwadi_Bandra East, Mumbai - MPCB",20-11-2023 12:00:00,19.0632143,72.8456324,85,224,142,89,144,119,11,71,44,6,9,8,35,68,47,16,107,55,1,60,3,142,PM2.5
"Khindipada-Bhandup West, Mumbai - IITM",20-11-2023 12:00:00,19.1653323,72.922099,44,199,79,50,155,92,2,5,3,1,4,1,4,12,7,54,71,63,32,41,32,92,PM10
"Kurla, Mumbai - MPCB",20-11-2023 12:00:00,19.0863,72.8888,55,99,73,80,167,119,15,38,27,3,5,4,32,32,32,21,56,35,34,39,36,119,PM10
"Malad West, Mumbai - IITM",20-11-2023 12:00:00,19.19709,72.82204,76,215,120,77,142,104,,,,,,,1,10,5,30,54,37,1,38,7,120,PM2.5
"Mazgaon, Mumbai - IITM",20-11-2023 12:00:00,18.96702,72.84214,76,146,111,96,139,119,36,109,76,5,10,7,5,11,8,28,56,42,3,83,10,119,PM10
"Mindspace-Malad West, Mumbai - MPCB",20-11-2023 12:00:00,19.1878657,72.8304069,45,90,59,57,120,79,1,78,36,7,9,8,6,20,11,18,50,34,2,67,11,79,PM10
"Mulund West, Mumbai - MPCB",20-11-2023 12:00:00,19.1750,72.9419,44,212,111,56,127,89,23,26,24,9,10,10,14,14,14,73,99,95,8,8,8,111,PM2.5
"Navy Nagar-Colaba, Mumbai - IITM",20-11-2023 12:00:00,18.897756,72.813320,52,144,75,51,118,68,16,34,24,12,16,14,8,26,15,8,46,20,2,92,33,75,PM2.5
"Powai, Mumbai - MPCB",20-11-2023 12:00:00,19.137500,72.915056,34,71,57,49,119,87,20,36,25,1,2,1,63,68,65,30,48,39,23,58,26,87,PM10
"Shivaji Nagar, Mumbai - BMC",20-11-2023 12:00:00,19.060498,72.923356,92,222,149,106,185,146,35,98,70,3,6,5,3,23,13,10,67,17,6,190,34,149,PM2.5
"Siddharth Nagar-Worli, Mumbai - IITM",20-11-2023 12:00:00,19.000083,72.813993,48,152,75,41,108,67,32,129,42,4,10,6,,,,94,102,98,12,93,27,98,CO
"Sion, Mumbai - MPCB",20-11-2023 12:00:00,19.047000,72.874600,45,98,66,69,156,96,87,227,133,1,9,3,23,26,25,17,71,38,10,29,12,133,NO2
"Vasai West, Mumbai - MPCB",20-11-2023 12:00:00,19.383200,72.820400,56,230,130,76,232,143,26,28,27,4,4,4,18,19,18,50,113,68,11,98,25,143,PM10
"Vile Parle West, Mumbai - MPCB",20-11-2023 12:00:00,19.10861,72.83622,56,103,74,68,125,96,3,36,17,2,11,7,11,15,13,,,,4,5,4,96,PM10
"Worli, Mumbai - MPCB",20-11-2023 12:00:00,18.9936162,72.8128113,50,89,63,72,135,92,21,22,21,1,1,1,9,11,10,40,42,40,5,10,6,92,PM10
"Ambazari, Nagpur - MPCB",20-11-2023 12:00:00,21.121801,79.04952,85,298,156,93,164,114,13,81,32,5,9,7,14,85,29,10,104,21,2,128,50,156,PM2.5
"Mahal, Nagpur - MPCB",20-11-2023 12:00:00,21.14472,79.107595,29,321,152,98,218,146,12,79,36,4,8,5,17,61,31,28,122,39,9,97,43,152,PM2.5
"Opp GPO Civil Lines, Nagpur - MPCB",20-11-2023 12:00:00,21.152875,79.0517531,78,272,158,82,150,117,6,128,47,3,6,4,1,59,18,16,109,25,2,95,29,158,PM2.5
"Ram Nagar, Nagpur - MPCB",20-11-2023 12:00:00,21.143383,79.048912,79,273,125,96,224,128,10,85,27,4,9,7,8,49,19,14,104,24,2,70,29,128,PM10
"Sneh Nagar, Nanded - MPCB",20-11-2023 12:00:00,19.173852,77.296291,NA,NA,NA,NA,NA,NA,NA,NA,NA,NA,NA,NA,NA,NA,NA,38,46,40,38,98,46,,
"Gangapur Road, Nashik - MPCB",20-11-2023 12:00:00,20.0073285,73.7762427,78,203,125,20,156,96,6,10,8,,,,1,19,4,18,18,18,12,76,34,125,PM2.5
"Hirawadi, Nashik - MPCB",20-11-2023 12:00:00,20.021503,73.813844,68,173,111,73,131,103,14,75,26,4,6,5,1,19,4,22,62,28,1,66,3,111,PM2.5
"MIDC Ambad, Nashik - MPCB",20-11-2023 12:00:00,19.950220,73.731480,162,240,204,139,206,170,16,57,31,3,4,4,6,19,11,24,41,29,5,66,23,204,PM2.5
"Pandav Nagari, Nashik - MPCB",20-11-2023 12:00:00,19.9591346,73.7788008,69,114,91,69,160,115,5,87,24,7,8,7,8,32,16,34,82,38,8,92,27,115,PM10
"Kopripada-Vashi, Navi Mumbai - MPCB",20-11-2023 12:00:00,19.090337,73.014232,37,66,52,34,195,78,29,123,65,6,6,6,11,31,22,23,100,32,1,293,32,78,PM10
"Mahape, Navi Mumbai - MPCB",20-11-2023 12:00:00,19.1135051,73.008978,32,204,67,56,456,146,37,38,38,3,3,3,26,26,26,50,92,57,8,79,22,146,PM10
"Nerul, Navi Mumbai - MPCB",20-11-2023 12:00:00,19.008751,73.016620,51,97,71,70,121,95,39,54,45,1,2,1,9,9,9,74,101,88,,,,95,PM10
"Sanpada, Navi Mumbai - MPCB",20-11-2023 12:00:00,19.0575752,73.0151367,54,85,66,60,99,81,44,44,44,11,21,14,7,87,30,10,52,20,7,187,35,81,PM10
"Sector-2E Kalamboli, Navi Mumbai - MPCB",20-11-2023 12:00:00,19.02579,73.10297,79,236,102,82,159,113,33,122,75,NA,NA,NA,7,21,13,20,90,30,1,117,5,113,PM10
"Tondare-Taloja, Navi Mumbai - MPCB",20-11-2023 12:00:00,19.0630,73.1209,115,192,144,64,99,80,46,78,55,3,6,4,52,108,78,18,38,33,1,168,11,144,PM2.5
"Masoom Colony, Parbhani - MPCB",20-11-2023 12:00:00,19.265594,76.761463,58,95,76,82,141,109,10,44,20,4,4,4,36,60,43,30,99,45,20,79,43,109,PM10
"Gavalinagar, Pimpri Chinchwad - MPCB",20-11-2023 12:00:00,18.63673,73.82487,70,134,91,71,111,90,13,34,20,4,5,4,2,13,6,24,66,45,10,167,31,91,PM2.5
"Park Street Wakad, Pimpri Chinchwad - MPCB",20-11-2023 12:00:00,18.59051,73.77946,116,221,171,109,145,129,41,99,72,9,15,11,5,13,8,32,67,56,4,176,24,171,PM2.5
"Thergaon, Pimpri Chinchwad - MPCB",20-11-2023 12:00:00,18.616318,73.765797,98,177,144,93,121,110,36,129,90,3,14,7,2,9,5,28,66,45,15,199,39,144,PM2.5
"Alandi, Pune - IITM",20-11-2023 12:00:00,18.675076,73.892743,84,272,178,82,150,121,16,29,21,,,,,,,34,67,43,1,35,7,178,PM2.5
"Bhosari, Pune - IITM",20-11-2023 12:00:00,18.640051,73.848956,43,87,69,59,111,92,16,19,18,,,,,,,40,46,44,5,61,20,92,PM10
"Karve Road, Pune - MPCB",20-11-2023 12:00:00,18.5011743,73.8165527,30,51,47,46,77,71,2,2,2,,,,9,14,13,12,20,18,5,9,8,71,PM10
"Mhada Colony, Pune - IITM",20-11-2023 12:00:00,18.573040,73.927715,NA,NA,NA,NA,NA,NA,NA,NA,NA,,,,,,,NA,NA,NA,NA,NA,NA,,
"Revenue Colony-Shivajinagar, Pune - IITM",20-11-2023 12:00:00,18.530085,73.849598,138,300,223,103,152,128,138,225,191,19,30,26,112,133,126,100,113,106,6,24,8,223,PM2.5
"Savitribai Phule Pune University, Pune - MPCB",20-11-2023 12:00:00,18.547056,73.826908,67,204,140,90,173,140,6,24,13,1,4,2,2,4,3,16,80,38,1,175,24,140,PM10
"Vijay Nagar, Sangli - MPCB",20-11-2023 12:00:00, 16.5038,74.3623,6,167,104,94,103,103,10,85,28,1,5,3,2,6,4,18,105,35,76,76,76,104,PM2.5
"Dnyaneshwar Nagar, Solapur - MPCB",20-11-2023 12:00:00,17.6336264,75.9132495,111,327,240,64,401,145,13,92,30,14,53,21,1,3,2,16,38,21,24,69,37,240,PM2.5
"Ratandeep Housing Society, Solapur - MPCB",20-11-2023 12:00:00,17.65439,75.90649,56,80,71,81,111,96,13,103,30,11,15,12,7,12,8,6,89,21,10,64,38,96,PM10
"Solapur, Solapur - MPCB",20-11-2023 12:00:00,17.6599188,75.9063906,29,48,44,67,107,99,49,58,56,,,,39,48,45,,,,34,55,35,99,PM10
"Kasarvadavali, Thane - MPCB",20-11-2023 12:00:00,19.26777,72.97182,NA,NA,NA,NA,NA,NA,NA,NA,NA,NA,NA,NA,NA,NA,NA,14,16,16,56,67,56,,
"Pimpleshwar Mandir, Thane - MPCB",20-11-2023 12:00:00,19.192056,72.9585188,,,,NA,NA,NA,NA,NA,NA,NA,NA,NA,NA,NA,NA,NA,NA,NA,NA,NA,NA,,
"Upvan Fort, Thane - MPCB",20-11-2023 12:00:00,19.222279,72.957979,9,105,73,71,189,149,9,51,26,9,14,11,7,39,17,6,42,22,18,126,39,149,PM10
"Sidhi Vinayak Nagar, Ulhasnagar - MPCB",20-11-2023 12:00:00,19.235581,73.159121,150,258,199,128,195,149,20,91,47,3,3,3,18,54,30,26,116,32,4,183,23,199,PM2.5
"Bolinj, Virar - MPCB",20-11-2023 12:00:00,19.4458210,72.7988231,40,107,79,43,172,92,6,58,21,4,11,5,5,15,9,12,107,49,3,61,22,92,PM10
"DM College of Science, Imphal - Manipur PCB",20-11-2023 12:00:00,24.8207389,93.9423085,2,33,10,6,62,20,7,8,8,2,2,2,74,77,75,6,6,6,,,,75,SO2
"JN Stadium, Shillong - Meghalaya PCB",20-11-2023 12:00:00,25.5803419,91.8942571,11,217,62,18,203,92,8,43,20,2,4,3,24,27,25,13,88,28,5,22,16,92,PM10
"Lumpyngngad, Shillong - Meghalaya PCB",20-11-2023 12:00:00,25.5586,91.8985,3,32,20,4,25,16,6,6,6,1,1,1,15,21,17,5,18,9,1,1,1,20,PM2.5
"Sikulpuikawn, Aizawl - Mizoram PCB",20-11-2023 12:00:00,23.7176342,92.7192841,NA,NA,NA,NA,NA,NA,NA,NA,NA,NA,NA,NA,1,1,1,8,16,11,1,4,2,,
"PWD Juction, Kohima - NPCB",20-11-2023 12:00:00,25.6635413,94.0989878,NA,NA,NA,NA,NA,NA,NA,NA,NA,NA,NA,NA,NA,NA,NA,NA,NA,NA,NA,NA,NA,,
"Hakimapada, Angul - OSPCB",20-11-2023 12:00:00,20.832874,85.104082,52,433,118,79,335,129,NA,NA,NA,NA,NA,NA,11,124,46,16,100,51,4,125,28,129,PM10
"Kalidaspur, Balasore - OSPCB",20-11-2023 12:00:00,21.51161,86.89088,37,312,102,45,304,115,4,51,13,2,6,4,14,32,20,18,71,32,5,82,32,115,PM10
"Forest Office, Barbil - OSPCB",20-11-2023 12:00:00,22.1166054,85.3945546,32,467,117,59,460,154,6,32,11,3,8,4,9,70,21,6,134,84,3,120,25,154,PM10
"Meher Colony, Baripada - OSPCB",20-11-2023 12:00:00,21.941841,86.728318,49,85,68,53,88,71,,,,,,,4,5,4,27,36,30,11,35,14,71,PM10
"Lingraj Mandir, Bhubaneswar - OSPCB",20-11-2023 12:00:00,20.240790,85.836784,43,183,95,73,155,103,7,48,21,2,4,3,8,39,16,56,84,68,24,114,53,103,PM10
"Patia, Bhubaneswar - OSPCB",20-11-2023 12:00:00,20.34652,85.81630,42,190,78,65,127,90,5,26,15,3,5,4,7,56,14,20,40,24,22,106,47,90,PM10
"Tata Township, Bileipada - OSPCB",20-11-2023 12:00:00,22.06156703,85.47409613,67,159,93,117,404,162,4,8,6,11,11,11,25,33,29,13,24,18,10,19,11,162,PM10
"GM Office, Brajrajnagar - OSPCB",20-11-2023 12:00:00,21.8004996,83.8396977,8,86,38,10,113,53,NA,NA,NA,NA,NA,NA,33,33,33,22,82,51,1,3,1,53,PM10
"Ferro Chrome Colony, Byasanagar - OSPCB",20-11-2023 12:00:00,20.94185,86.11510,28,127,62,39,114,68,8,25,13,1,2,2,2,11,4,59,102,93,13,97,40,93,CO
"CDA Area, Cuttack - OSPCB",20-11-2023 12:00:00,20.48891 ,85.84768 ,48,117,76,62,131,96,11,38,22,2,4,2,4,41,10,28,55,37,12,62,23,96,PM10
"Jagamohanpur, Keonjhar - OSPCB",20-11-2023 12:00:00,21.643900,85.599355,44,88,69,61,115,87,26,71,47,10,15,12,9,11,10,12,78,36,3,16,6,87,PM10
"Dabuna, Nayagarh - OSPCB",20-11-2023 12:00:00,21.847279,85.416905,39,76,59,70,123,95,28,71,45,3,16,7,3,6,4,13,18,16,1,19,4,95,PM10
"Divisional Forest Office, Rairangpur - OSPCB",20-11-2023 12:00:00,22.265816,86.174829,40,128,71,54,103,74,7,8,7,3,3,3,6,13,9,12,48,19,29,116,47,74,PM10
"Raghunathpali, Rourkela - OSPCB",20-11-2023 12:00:00,22.220833,84.809444,29,186,80,35,415,98,20,46,26,3,6,5,1,4,2,17,102,41,5,42,13,98,PM10
"Sector-2, Rourkela - OSPCB",20-11-2023 12:00:00,22.24500000,84.88111111,NA,NA,NA,,,,NA,NA,NA,,,,,,,17,17,17,,,,,
"OMC Colony, Suakati - OSPCB",20-11-2023 12:00:00,21.606865,85.510538,48,93,64,58,120,86,40,71,48,1,5,4,1,38,6,18,42,36,,,,86,PM10
"Talcher Coalfields,Talcher - OSPCB",20-11-2023 12:00:00,20.9360711,85.1707021,26,318,128,29,211,116,53,72,61,6,7,6,19,44,25,4,44,28,1,23,12,128,PM2.5
"Barsua Iron Ore Mines, Tensa - OSPCB",20-11-2023 12:00:00,21.869985,85.167016,24,65,39,55,108,78,35,93,51,5,8,6,12,19,14,14,31,22,1,23,6,78,PM10
"Jawahar Nagar, Puducherry - PPCC",20-11-2023 12:00:00,11.9309,79.8027,5,48,23,23,43,32,8,26,14,1,2,2,1,7,5,16,27,19,7,39,18,32,PM10
"Golden Temple, Amritsar - PPCB",20-11-2023 12:00:00,31.620000,74.876512,172,304,261,123,168,151,37,41,39,2,2,2,10,13,12,16,21,19,48,61,54,261,PM2.5
"Hardev Nagar, Bathinda - PPCB",20-11-2023 12:00:00,30.233011,74.907758,160,355,278,121,288,190,30,32,31,,,,2,42,18,6,76,26,,,,278,PM2.5
"Civil Line, Jalandhar - PPCB",20-11-2023 12:00:00,31.321907,75.578914,152,319,226,124,293,144,37,44,41,9,11,10,13,38,20,25,104,55,14,64,24,226,PM2.5
"Kalal Majra, Khanna - PPCB",20-11-2023 12:00:00,30.736056 ,76.209694,90,225,154,120,406,155,35,38,36,16,17,16,10,49,21,44,51,48,6,76,13,155,PM10
"Punjab Agricultural University, Ludhiana - PPCB",20-11-2023 12:00:00,30.9028,75.8086,70,311,215,98,241,153,28,59,38,5,16,10,7,53,14,62,111,93,6,59,10,215,PM2.5
"RIMT University, Mandi Gobindgarh - PPCB",20-11-2023 12:00:00,30.649961,76.331442,92,281,190,90,156,127,38,39,39,5,5,5,5,29,16,18,41,35,39,41,40,190,PM2.5
"Model Town, Patiala - PPCB",20-11-2023 12:00:00,30.349388,76.366642,89,275,187,103,175,143,36,49,44,7,8,7,1,45,16,18,62,36,33,53,35,187,PM2.5
"Ratanpura, Rupnagar - Ambuja Cements",20-11-2023 12:00:00,31.0325454,76.5623046,91,268,157,71,460,236,,,,,,,3,6,4,41,101,61,,,,236,PM10
"Civil Lines, Ajmer - RSPCB",20-11-2023 12:00:00,26.470859,74.646594,89,253,151,97,182,133,18,82,39,15,22,18,14,17,15,16,70,31,6,78,21,151,PM2.5
"Moti Doongri, Alwar - RSPCB",20-11-2023 12:00:00,27.554793,76.611536,84,216,114,79,155,102,48,72,59,7,12,9,10,47,30,32,105,69,8,63,16,114,PM2.5
"Rati Talai, Banswara - RSPCB",20-11-2023 12:00:00,23.555190,74.440010,NA,NA,NA,NA,NA,NA,NA,NA,NA,,,,NA,NA,NA,42,105,56,11,175,97,,
"Bamboliya, Baran - RSPCB",20-11-2023 12:00:00,25.106006,76.469948,154,332,241,120,199,151,21,44,32,7,9,8,7,40,13,30,48,40,29,185,48,241,PM2.5
"Railway Colony, Barmer - RSPCB",20-11-2023 12:00:00,25.747299,71.393989,NA,NA,NA,109,227,133,8,119,22,7,11,8,3,15,7,22,112,27,13,180,178,178,OZONE
"Krishna Nagar, Bharatpur - RSPCB",20-11-2023 12:00:00,27.215415,77.50873,89,363,224,101,400,178,94,140,117,22,60,30,4,11,7,63,128,107,21,29,22,224,PM2.5
"Pratap Nagar, Bhilwara - RSPCB",20-11-2023 12:00:00,25.339605,74.618883,183,342,268,108,222,145,20,126,42,6,13,8,1,19,8,36,104,49,13,142,52,268,PM2.5
"RIICO Ind. Area III, Bhiwadi - RSPCB",20-11-2023 12:00:00,28.194909,76.862296,184,368,299,150,414,283,13,43,19,2,14,11,1,40,21,22,66,41,8,72,19,299,PM2.5
"MM Ground, Bikaner - RSPCB",20-11-2023 12:00:00,28.018792,73.292658,149,500,336,126,500,306,21,81,41,6,9,8,4,15,8,40,129,85,10,133,41,336,PM2.5
"New Colony, Bundi - RSPCB",20-11-2023 12:00:00,25.435774,75.644272,187,324,257,127,483,199,7,138,30,6,6,6,4,33,8,30,114,39,5,204,87,257,PM2.5
"Shastri Nagar, Chittorgarh - RSPCB",20-11-2023 12:00:00,24.892047,74.623527,91,348,244,108,489,195,23,124,64,4,12,7,2,108,18,52,118,90,6,98,30,244,PM2.5
"Subash Chowk, Churu - RSPCB",20-11-2023 12:00:00,28.296139,74.961696,121,382,270,102,352,171,17,97,45,8,13,10,10,23,16,28,88,59,4,201,54,270,PM2.5
"Khatikan Mohalla, Dausa - RSPCB",20-11-2023 12:00:00,26.895552,76.334753,NA,NA,NA,NA,NA,NA,NA,NA,NA,NA,NA,NA,NA,NA,NA,66,90,80,72,170,91,,
"Raja Ganj, Dholpur - RSPCB",20-11-2023 12:00:00,26.699557,77.898881,NA,NA,NA,NA,NA,NA,NA,NA,NA,NA,NA,NA,NA,NA,NA,40,63,56,126,197,167,,
"Bhoiwada, Dungarpur - RSPCB",20-11-2023 12:00:00,23.837789,73.714926,243,362,312,115,191,140,19,33,25,9,10,10,3,10,5,36,70,41,12,54,27,312,PM2.5
"Housing Board, Hanumangarh - RSPCB",20-11-2023 12:00:00,29.610750,74.283608,233,500,394,187,500,389,15,32,22,12,16,13,10,16,12,45,108,83,7,51,13,394,PM2.5
"Adarsh Nagar, Jaipur - RSPCB",20-11-2023 12:00:00,26.902909,75.836858,142,302,227,107,158,124,25,189,64,4,31,10,14,19,16,32,101,47,13,153,95,227,PM2.5
"Mansarovar Sector-12, Jaipur - RSPCB",20-11-2023 12:00:00,26.843698,75.766894,98,317,192,109,397,180,13,153,42,7,14,8,3,6,4,33,140,87,4,127,75,192,PM2.5
"Police Commissionerate, Jaipur - RSPCB",20-11-2023 12:00:00,26.9164092,75.7994901,NA,NA,NA,NA,NA,NA,NA,NA,NA,NA,NA,NA,NA,NA,NA,34,108,54,11,148,88,,
"RIICO Sitapura, Jaipur - RSPCB",20-11-2023 12:00:00,26.786682,75.827928,87,311,206,84,219,142,14,179,59,8,27,15,8,13,10,28,111,45,77,104,80,206,PM2.5
"Sector-2 Murlipura, Jaipur - RSPCB",20-11-2023 12:00:00,26.960669,75.771817,91,332,168,107,231,141,2,62,22,1,4,3,11,27,14,27,110,47,15,225,165,168,PM2.5
"Shastri Nagar, Jaipur - RSPCB",20-11-2023 12:00:00,26.9502929,75.730943,187,324,257,142,246,167,17,178,50,7,44,14,12,22,16,8,130,43,14,197,146,257,PM2.5
"Sadar Bazar, Jaisalmer - RSPCB",20-11-2023 12:00:00,26.912329,70.909168,101,320,210,134,291,184,12,49,25,4,7,5,5,12,8,16,56,40,76,232,105,210,PM2.5
"Mudtra Sili, Jalore - RSPCB",20-11-2023 12:00:00,25.344694,72.626208,150,325,235,118,395,207,16,158,65,6,12,10,6,15,9,40,149,56,18,214,81,235,PM2.5
"Rajlaxmi Nagar, Jhalawar - RSPCB",20-11-2023 12:00:00,24.588397,76.172782,158,348,262,113,268,162,11,106,35,6,8,7,4,11,7,32,104,45,6,132,66,262,PM2.5
"Indra Nagar, Jhunjhunu - RSPCB",20-11-2023 12:00:00,28.108988,75.386577,57,334,204,65,225,149,20,142,76,1,5,3,3,8,6,22,90,71,2,208,151,204,PM2.5
"Collectorate, Jodhpur - RSPCB",20-11-2023 12:00:00,26.268249,73.0193853,84,325,240,143,249,181,NA,NA,NA,,,,2,32,18,24,92,70,48,195,75,240,PM2.5
"Digari Kalan, Jodhpur - RSPCB",20-11-2023 12:00:00,26.295810,73.082283,100,261,192,160,234,196,12,143,48,4,7,5,6,73,8,24,84,39,8,175,59,196,PM10
"Jhalamand, Jodhpur - RSPCB",20-11-2023 12:00:00,26.215415,73.070156,87,301,168,87,326,161,8,111,41,7,13,10,5,17,10,20,74,36,13,224,67,168,PM2.5
"Mandor, Jodhpur - RSPCB",20-11-2023 12:00:00,26.358805,73.047444,108,223,164,119,201,143,14,61,22,7,10,8,8,18,11,16,34,31,63,189,94,164,PM2.5
"Samrat Ashok Udhyan, Jodhpur - RSPCB",20-11-2023 12:00:00,26.253384,72.976571,NA,NA,NA,NA,NA,NA,NA,NA,NA,NA,NA,NA,NA,NA,NA,53,60,59,62,81,62,,
"Satyawati Vihar, Karauli - RSPCB",20-11-2023 12:00:00,26.506177,77.025989,56,122,88,65,104,87,24,93,43,4,9,7,NA,NA,NA,44,96,54,10,39,20,88,PM2.5
"Dhanmandi, Kota - RSPCB",20-11-2023 12:00:00,25.164090,75.858137,224,357,320,147,233,185,24,139,70,3,5,4,2,55,12,38,114,54,2,182,15,320,PM2.5
"Nayapura, Kota - RSPCB",20-11-2023 12:00:00,25.196024,75.855668,227,359,303,134,282,163,30,142,73,10,16,12,11,18,15,34,108,60,1,184,37,303,PM2.5
"Shrinath Puram, Kota - RSPCB",20-11-2023 12:00:00,25.14389,75.821256,309,423,357,177,281,214,36,231,109,7,10,8,9,52,18,6,86,49,21,128,57,357,PM2.5
"Karni Colony, Nagaur - RSPCB",20-11-2023 12:00:00,27.213494,73.734444,139,317,213,122,332,179,20,62,31,11,16,13,4,11,7,42,75,51,49,96,63,213,PM2.5
"Indira Colony Vistar, Pali - RSPCB",20-11-2023 12:00:00,25.771061, 73.340227,133,316,239,117,131,122,20,31,24,4,7,6,2,13,9,8,96,28,20,61,38,239,PM2.5
"Pragati Nagar, Pratapgarh - RSPCB",20-11-2023 12:00:00,24.041198,74.780702,180,304,252,119,166,134,7,47,33,3,4,3,5,10,7,26,48,31,75,175,90,252,PM2.5
"Dhoinda, Rajsamand - RSPCB",20-11-2023 12:00:00,25.036360,73.883502,153,335,265,105,289,148,17,78,33,4,4,4,4,11,6,46,78,56,18,98,47,265,PM2.5
"Sahu Nagar, Sawai Madhopur - RSPCB",20-11-2023 12:00:00,26.031443,76.359327,96,278,166,128,237,170,4,30,14,5,5,5,7,17,11,37,94,43,11,195,44,170,PM10
"Radhakishan Pura, Sikar - RSPCB",20-11-2023 12:00:00,27.608912,75.153302,40,377,220,106,481,238,13,112,44,6,18,13,2,10,6,26,124,53,5,205,161,238,PM10
"Vedhaynath Colony, Sirohi - RSPCB",20-11-2023 12:00:00,24.885261,72.857549,112,291,193,103,245,148,7,109,45,6,14,9,1,8,2,18,57,36,2,193,70,193,PM2.5
"Old City, Sri Ganganagar - RSPCB",20-11-2023 12:00:00,29.931624,73.864511,312,487,411,226,500,419,25,102,54,5,18,9,4,10,6,99,125,106,14,87,26,419,PM10
"Shastri Nagar, Tonk - RSPCB",20-11-2023 12:00:00,26.159933,75.780517,253,449,342,141,500,266,19,151,59,1,62,7,5,12,7,12,125,87,2,142,36,342,PM2.5
"Ashok Nagar, Udaipur - RSPCB",20-11-2023 12:00:00,24.5886166,73.6321397,186,335,266,104,293,187,43,131,79,4,12,6,8,19,14,5,125,43,13,91,35,266,PM2.5
"Zero Point GICI, Gangtok - SSPCB",20-11-2023 12:00:00,27.338530,88.614099,8,20,11,6,28,16,1,7,2,1,1,1,53,65,58,5,16,10,9,45,16,58,SO2
"Keelapalur, Ariyalur - TNPCB",20-11-2023 12:00:00,11.06825,79.07033,17,35,25,20,43,31,11,19,16,,,,NA,NA,NA,,,,,,,31,PM10
"Crescent University, Chengalpattu - TNPCB",20-11-2023 12:00:00,12.8777316,80.0834807,NA,NA,NA,NA,NA,NA,,,,,,,NA,NA,NA,NA,NA,NA,NA,NA,NA,,
"Alandur Bus Depot, Chennai - CPCB",20-11-2023 12:00:00,12.9099161,80.1076538,53,116,68,51,90,61,28,76,45,8,9,8,12,15,14,44,46,45,16,37,17,68,PM2.5
"Arumbakkam, Chennai - TNPCB",20-11-2023 12:00:00,13.0664,80.2112 ,16,48,34,18,83,53,11,28,20,2,4,3,2,60,15,,,,,,,53,PM10
"Gandhi Nagar_Ennore, Chennai - TNPCB",20-11-2023 12:00:00,13.218341,80.32027,NA,NA,NA,NA,NA,NA,,,,,,,NA,NA,NA,,,,4,4,4,,
"Kodungaiyur, Chennai - TNPCB",20-11-2023 12:00:00,13.1278,80.2642,7,39,20,18,88,41,9,30,15,4,6,5,5,37,16,10,98,38,5,6,6,41,PM10
"Manali, Chennai - CPCB",20-11-2023 12:00:00,13.164544,80.26285,8,38,29,22,53,35,8,15,13,2,4,3,2,14,6,5,105,24,9,19,12,35,PM10
"Perungudi, Chennai - TNPCB",20-11-2023 12:00:00,12.9533,80.2357,3,65,30,21,78,45,1,6,2,2,3,3,1,6,3,3,46,34,,,,45,PM10
"Royapuram, Chennai - TNPCB",20-11-2023 12:00:00,13.1036,80.2909,11,62,28,18,71,42,11,39,18,1,2,2,1,7,3,18,52,34,9,10,9,42,PM10
"Velachery Res. Area, Chennai - CPCB",20-11-2023 12:00:00,13.0052189,80.2398125,16,41,28,39,56,45,11,84,28,7,12,10,6,42,28,32,57,44,13,16,13,45,PM10
"PSG College of Arts and Science, Coimbatore - TNPCB",20-11-2023 12:00:00,11.0328,77.0349,NA,NA,NA,NA,NA,NA,1,7,3,,,,NA,NA,NA,39,68,55,1,5,4,,
"Kudikadu, Cuddalore - TNPCB",20-11-2023 12:00:00,11.6829898,79.7532099,19,65,37,23,78,44,70,119,101,25,29,27,15,17,16,6,6,6,,,,101,NO2
"Semmandalam, Cuddalore - TNPCB",20-11-2023 12:00:00,11.7637683,79.7499835,8,77,27,6,57,20,2,22,9,,,,,,,,,,1,2,2,27,PM2.5
"Anthoni Pillai Nagar, Gummidipoondi - TNPCB",20-11-2023 12:00:00,13.4127,80.1081,22,307,121,44,158,110,4,14,8,4,5,5,9,26,15,,,,,,,121,PM2.5
"SIPCOT Phase-1, Hosur - TNPCB",20-11-2023 12:00:00,12.746998,77.813811,32,74,47,36,85,53,7,12,9,1,1,1,5,6,5,6,7,6,4,4,4,53,PM10
"Bombay Castel, Ooty - TNPCB",20-11-2023 12:00:00,11.4068288,76.7138973,NA,NA,NA,NA,NA,NA,NA,NA,NA,NA,NA,NA,NA,NA,NA,18,19,18,4,5,4,,
"Chalai Bazaar, Ramanathapuram - TNPCB",20-11-2023 12:00:00,9.36399,78.831977,1,36,15,NA,NA,NA,,,,1,1,1,9,11,10,2,10,6,13,14,14,15,PM2.5
"Sona College of Technology, Salem - TNPCB",20-11-2023 12:00:00,11.679111,78.125052,31,161,70,25,103,60,7,11,9,1,1,1,80,81,80,31,34,32,3,4,3,80,SO2
"Meelavittan, Thoothukudi - TNPCB",20-11-2023 12:00:00,8.816428 ,78.099039,,,,8,43,20,6,18,12,,,,2,102,12,2,28,10,2,14,5,20,PM10
"Vasanthapuram, Vellore - TNPCB",20-11-2023 12:00:00,12.909494,79.131861,30,86,48,37,80,50,3,11,6,1,1,1,14,15,14,18,20,20,1,2,1,50,PM10
"Bollaram Industrial Area, Hyderabad - TSPCB",20-11-2023 12:00:00,17.540891,78.358528,45,110,74,42,103,72,15,45,27,1,2,2,6,16,9,14,49,26,37,40,39,74,PM2.5
"Central University, Hyderabad - TSPCB",20-11-2023 12:00:00,17.460103,78.334361,25,54,39,51,75,61,4,55,24,1,9,4,1,16,7,30,64,45,3,4,3,61,PM10
"ECIL Kapra, Hyderabad - TSPCB",20-11-2023 12:00:00,17.470431,78.566959,54,55,54,58,69,62,7,9,7,6,9,9,4,16,9,9,43,22,10,85,23,62,PM10
"ICRISAT Patancheru, Hyderabad - TSPCB",20-11-2023 12:00:00,17.518400,78.278777,NA,NA,NA,NA,NA,NA,NA,NA,NA,NA,NA,NA,NA,NA,NA,,,,77,81,77,,
"IDA Pashamylaram, Hyderabad - TSPCB",20-11-2023 12:00:00,17.5316895,78.218939,NA,NA,NA,NA,NA,NA,NA,NA,NA,NA,NA,NA,NA,NA,NA,NA,NA,NA,NA,NA,NA,,
"IITH Kandi, Hyderabad - TSPCB",20-11-2023 12:00:00,17.585705,78.126199,35,55,48,36,70,56,11,12,11,2,2,2,15,17,16,20,30,28,9,33,11,56,PM10
"Kokapet, Hyderabad - TSPCB",20-11-2023 12:00:00,17.393559,78.339194,88,123,99,111,124,117,7,7,7,1,1,1,7,7,7,16,16,16,NA,NA,NA,117,PM10
"Kompally Municipal Office, Hyderabad - TSPCB",20-11-2023 12:00:00,17.544899,78.486949,43,65,51,41,57,46,11,11,11,4,4,4,2,9,4,6,57,20,3,47,21,51,PM2.5
"Nacharam_TSIIC IALA, Hyderabad - TSPCB",20-11-2023 12:00:00,17.429398,78.569354,NA,NA,NA,NA,NA,NA,,,,,,,NA,NA,NA,4,18,18,18,24,18,,
"New Malakpet, Hyderabad - TSPCB",20-11-2023 12:00:00,17.37206,78.50864,23,45,33,54,64,58,20,30,24,3,3,3,8,10,8,14,110,29,4,32,13,58,PM10
"Ramachandrapuram, Hyderabad - TSPCB",20-11-2023 12:00:00,17.528544,78.286195,NA,NA,NA,NA,NA,NA,NA,NA,NA,NA,NA,NA,NA,NA,NA,25,100,50,10,49,36,,
"Sanathnagar, Hyderabad - TSPCB",20-11-2023 12:00:00,17.4559458,78.4332152,63,112,85,,,,25,30,28,,,,5,10,7,34,62,47,12,16,14,85,PM2.5
"Somajiguda, Hyderabad - TSPCB",20-11-2023 12:00:00,17.417094,78.457437,42,82,61,67,85,75,19,29,23,6,8,7,9,15,12,9,32,16,6,34,14,75,PM10
"Zoo Park, Hyderabad - TSPCB",20-11-2023 12:00:00,17.349694,78.451437,42,94,70,58,126,96,25,40,33,1,1,1,1,4,2,36,84,42,15,23,17,96,PM10
"Bardowali, Agartala - Tripura SPCB",20-11-2023 12:00:00,23.8175497,91.2726974,31,234,104,52,146,103,3,15,9,1,2,2,17,18,17,24,80,37,1,11,1,104,PM2.5
"Manoharpur, Agra - UPPCB",20-11-2023 12:00:00,27.23711,78.01936,43,100,72,61,128,100,2,8,5,2,3,3,25,26,26,16,24,20,,,,100,PM10
"Rohta, Agra - UPPCB",20-11-2023 12:00:00,27.106972,78.000111,38,171,72,34,115,63,7,9,8,1,1,1,1,48,18,2,85,33,13,14,14,72,PM2.5
"Sanjay Palace, Agra - UPPCB",20-11-2023 12:00:00,27.19865833,78.00598056,52,105,76,53,87,67,14,17,15,,,,4,10,7,24,92,58,27,63,38,76,PM2.5
"Sector-3B Avas Vikas Colony, Agra - UPPCB",20-11-2023 12:00:00,27.19412,77.96237,46,152,78,69,148,100,9,24,16,3,5,4,9,13,11,10,32,18,3,10,4,100,PM10
"Shahjahan Garden, Agra - UPPCB",20-11-2023 12:00:00,27.169338,78.03582,41,102,63,46,309,96,9,13,10,5,6,5,11,13,12,10,28,19,1,7,1,96,PM10
"Shastripuram, Agra - UPPCB",20-11-2023 12:00:00,27.19862,77.92066,70,171,104,89,147,114,13,17,14,1,2,1,11,14,12,9,19,15,NA,NA,NA,114,PM10
"Sardar Patel Inter College, Baghpat - UPPCB",20-11-2023 12:00:00,28.964949,77.278761,160,389,295,138,407,217,2,6,3,NA,NA,NA,9,53,18,68,107,103,6,50,10,295,PM2.5
"Civil Lines, Bareilly - UPPCB",20-11-2023 12:00:00,28.359581,79.414455,65,194,123,67,130,102,24,42,29,NA,NA,NA,33,35,34,33,49,42,1,12,5,123,PM2.5
"Rajendra Nagar, Bareilly - UPPCB",20-11-2023 12:00:00,28.38910936,79.42963708,70,162,104,91,146,116,40,81,58,1,1,1,35,37,36,34,65,50,9,17,10,116,PM10
"Yamunapuram, Bulandshahr - UPPCB",20-11-2023 12:00:00,28.406963,77.849831,87,329,240,119,286,205,18,140,70,12,18,14,12,48,21,44,118,95,1,199,13,240,PM2.5
"Nagla Bhau, Firozabad - UPPCB",20-11-2023 12:00:00,27.168897,78.376960,69,235,138,60,124,92,26,26,26,2,2,2,25,27,26,44,70,60,11,15,14,138,PM2.5
"Vibhab Nagar, Firozabad - UPPCB",20-11-2023 12:00:00,27.1594,78.3953,98,312,183,88,168,119,46,90,65,1,1,1,16,25,19,24,50,35,26,40,31,183,PM2.5
"Indirapuram, Ghaziabad - UPPCB",20-11-2023 12:00:00,28.646233,77.358075,131,395,308,149,452,329,96,170,129,8,18,12,9,36,16,6,68,23,18,210,210,329,PM10
"Loni, Ghaziabad - UPPCB",20-11-2023 12:00:00,28.757294,77.278792,124,385,308,125,419,242,41,131,80,3,15,8,5,32,15,45,127,98,1,81,10,308,PM2.5
"Sanjay Nagar, Ghaziabad - UPPCB",20-11-2023 12:00:00,28.685382,77.453839,128,404,286,118,355,197,57,296,148,10,15,13,6,37,22,10,124,75,3,154,19,286,PM2.5
"Vasundhara, Ghaziabad - UPPCB",20-11-2023 12:00:00,28.6603346,77.3572563,134,368,297,115,369,223,15,140,84,1,17,9,1,122,46,5,127,47,14,24,15,297,PM2.5
"Madan Mohan Malaviya University of Technology, Gorakhpur - UPPCB",20-11-2023 12:00:00,26.730136,83.433859,24,243,119,33,144,98,2,3,2,2,2,2,46,47,47,23,55,50,2,17,4,119,PM2.5
"Knowledge Park - III, Greater Noida - UPPCB",20-11-2023 12:00:00,28.47272,77.482000,109,361,261,108,278,187,11,86,45,5,10,7,6,20,11,2,122,75,14,152,26,261,PM2.5
"Knowledge Park - V, Greater Noida - UPPCB",20-11-2023 12:00:00,28.557054,77.453663,105,499,328,102,473,327,68,116,87,2,5,4,4,15,10,NA,NA,NA,4,143,20,328,PM2.5
"Anand Vihar, Hapur - UPPCB",20-11-2023 12:00:00,28.725645,77.749675,87,336,241,103,282,184,37,125,82,4,9,6,12,61,33,20,97,58,25,140,36,241,PM2.5
"Shivaji Nagar, Jhansi - UPPCB",20-11-2023 12:00:00,25.4547,78.6039,103,321,227,133,313,205,12,87,32,6,6,6,10,44,17,23,108,36,6,48,19,227,PM2.5
"FTI Kidwai Nagar, Kanpur - UPPCB",20-11-2023 12:00:00,26.428282,80.327067,75,224,106,114,207,143,21,46,31,2,3,2,15,15,15,40,74,47,3,8,6,143,PM10
"NSI Kalyanpur, Kanpur - UPPCB",20-11-2023 12:00:00,26.509954,80.249612,86,183,132,119,148,137,18,23,21,2,3,3,19,20,20,39,54,48,29,39,31,137,PM10
"Nehru Nagar, Kanpur - UPPCB",20-11-2023 12:00:00,26.4703136,80.3229863,78,245,129,80,159,109,13,104,40,,,,3,25,10,17,110,45,2,157,29,129,PM2.5
"Kalindi Kunj, Khurja - UPPCB",20-11-2023 12:00:00,28.2348927,77.8683002,32,272,110,31,152,89,35,99,59,1,3,2,28,41,34,20,64,60,17,25,24,110,PM2.5
"B R Ambedkar University, Lucknow - UPPCB",20-11-2023 12:00:00,26.766433,80.927299,79,341,182,107,210,137,14,41,20,5,6,6,21,23,22,10,79,23,3,64,31,182,PM2.5
"Gomti Nagar, Lucknow - UPPCB",20-11-2023 12:00:00,26.868120,81.005119,88,302,146,114,205,144,21,21,21,,,,6,7,7,26,30,27,11,109,59,146,PM2.5
"Kendriya Vidyalaya, Lucknow - CPCB",20-11-2023 12:00:00,26.906111,80.948222,125,378,241,108,230,143,4,27,15,3,18,12,6,14,10,34,122,55,1,64,19,241,PM2.5
"Kukrail Picnic Spot-1, Lucknow - UPPCB",20-11-2023 12:00:00,26.90723,80.98579,136,346,202,103,182,121,12,22,16,2,2,2,21,22,22,23,57,33,74,87,78,202,PM2.5
"Lalbagh, Lucknow - CPCB",20-11-2023 12:00:00,26.8458805,80.9365541,156,362,250,132,259,167,13,122,45,15,25,17,2,65,10,14,129,101,2,68,20,250,PM2.5
"Talkatora District Industries Center, Lucknow - CPCB",20-11-2023 12:00:00,26.83399722,80.8917361,51,348,179,88,428,189,28,54,38,15,35,20,2,19,10,10,98,49,2,80,12,189,PM10
"Ganga Nagar, Meerut - UPPCB",20-11-2023 12:00:00,28.999264,77.7590354,147,443,331,133,441,290,23,116,65,5,11,8,10,25,18,26,110,52,6,19,8,331,PM2.5
"Jai Bhim Nagar, Meerut - UPPCB",20-11-2023 12:00:00,28.9535882,77.7622941,NA,NA,NA,NA,NA,NA,NA,NA,NA,NA,NA,NA,,,,NA,NA,NA,NA,NA,NA,,
"Pallavpuram Phase 2, Meerut - UPPCB",20-11-2023 12:00:00,29.063510,77.709723,192,397,327,139,421,262,,,,,,,4,10,6,36,100,56,1,8,4,327,PM2.5
"Buddhi Vihar, Moradabad - UPPCB",20-11-2023 12:00:00,28.83526,78.74460,64,326,200,92,247,150,23,24,23,7,11,9,13,21,16,38,54,50,13,26,14,200,PM2.5
"Eco Herbal Park, Moradabad - UPPCB",20-11-2023 12:00:00,28.840739,78.697531,65,260,145,68,142,101,11,54,29,4,8,7,6,22,11,,,,7,130,23,145,PM2.5
"Employment Office, Moradabad - UPPCB",20-11-2023 12:00:00,28.88528,78.73880,82,285,182,110,195,151,12,12,12,3,3,3,20,38,21,48,78,68,14,67,21,182,PM2.5
"Jigar Colony, Moradabad - UPPCB",20-11-2023 12:00:00,28.856664,78.772638,59,249,147,104,208,156,21,41,30,5,5,5,100,116,107,54,90,70,8,13,9,156,PM10
"Kashiram Nagar, Moradabad - UPPCB",20-11-2023 12:00:00,28.849399,78.742362,60,343,209,103,343,176,20,33,26,4,4,4,28,32,31,37,56,48,12,20,13,209,PM2.5
"Transport Nagar, Moradabad - UPPCB",20-11-2023 12:00:00,28.802625,78.753728,65,276,159,88,149,121,21,47,39,6,6,6,37,39,38,40,42,42,14,25,15,159,PM2.5
"New Mandi, Muzaffarnagar - UPPCB",20-11-2023 12:00:00,29.4723508,77.7194031,111,425,214,124,411,161,24,76,48,5,8,7,NA,NA,NA,4,101,16,6,91,12,214,PM2.5
"Sector - 125, Noida - UPPCB",20-11-2023 12:00:00,28.5447608,77.3231257,123,418,306,116,462,293,61,260,157,7,12,9,19,125,49,18,136,129,11,154,154,306,PM2.5
"Sector - 62, Noida - IMD",20-11-2023 12:00:00,28.6245479,77.3577104,167,398,303,129,405,246,19,74,44,,,,,,,90,110,107,21,220,220,303,PM2.5
"Sector-1, Noida - UPPCB",20-11-2023 12:00:00,28.5898,77.3101,107,377,284,103,318,197,28,233,140,10,15,13,14,92,26,1,120,104,4,214,63,284,PM2.5
"Sector-116, Noida - UPPCB",20-11-2023 12:00:00,28.569230,77.393848,194,495,362,128,479,335,15,174,79,8,13,10,19,40,23,18,130,95,7,83,15,362,PM2.5
"Jhunsi, Prayagraj - UPPCB",20-11-2023 12:00:00,25.425602,81.917152,100,249,170,116,229,159,6,6,6,12,20,15,30,31,30,30,74,38,1,26,3,170,PM2.5
"Motilal Nehru NIT, Prayagraj - UPPCB",20-11-2023 12:00:00,25.494,81.863,96,307,232,86,158,123,12,12,12,6,7,7,15,21,18,48,74,61,9,27,12,232,PM2.5
"Nagar Nigam, Prayagraj - UPPCB",20-11-2023 12:00:00,25.44919916 ,81.82735986 ,88,208,150,103,157,133,14,14,14,6,13,9,31,64,47,24,99,35,2,11,6,150,PM2.5
"Ardhali Bazar, Varanasi - UPPCB",20-11-2023 12:00:00,25.3505986,82.9083074,37,95,70,39,107,81,19,40,27,,,,12,26,17,,,,15,32,23,81,PM10
"Bhelupur, Varanasi - UPPCB",20-11-2023 12:00:00,25.301778,82.996789,24,72,55,36,106,76,11,11,11,2,2,2,17,18,18,33,113,69,1,7,1,76,PM10
"IESD Banaras Hindu University, Varanasi - UPPCB",20-11-2023 12:00:00,25.262326,82.995408,18,55,35,27,87,53,2,3,2,1,4,2,13,14,13,26,48,41,4,6,4,53,PM10
"Maldahiya, Varanasi - UPPCB",20-11-2023 12:00:00,25.32393,82.99687,31,102,68,35,110,75,1,2,2,1,1,1,28,36,31,34,114,67,4,8,4,75,PM10
"Omex Eternity, Vrindavan - UPPCB",20-11-2023 12:00:00,27.5714090,77.6557570,61,211,116,75,159,117,2,3,3,2,4,2,32,34,32,54,95,81,24,25,25,117,PM10
"Doon University, Dehradun - UKPCB",20-11-2023 12:00:00,30.269444,78.044167,29,191,93,37,126,78,1,7,3,,,,1,1,1,12,54,27,1,9,1,93,PM2.5
"Govt. Girls Inter College, Kashipur - UKPCB",20-11-2023 12:00:00,29.2124114,78.9611753,14,83,45,45,140,93,16,101,38,4,7,5,7,9,8,20,82,26,1,38,5,93,PM10
"Shivaji Nagar, Rishikesh - UKPCB",20-11-2023 12:00:00,30.075911,78.2859547,8,42,19,31,57,41,4,7,6,4,5,4,6,7,6,16,32,21,5,45,8,41,PM10
"Asansol Court Area, Asansol - WBPCB",20-11-2023 12:00:00,23.685297,86.945968,26,114,64,33,127,82,22,59,40,9,12,11,8,15,11,NA,NA,NA,7,58,22,82,PM10
"Sidhu Kanhu Indoor Stadium, Durgapur - WBPCB",20-11-2023 12:00:00,23.5404352,87.2892225,15,101,48,24,131,64,21,33,26,4,6,5,25,37,33,7,48,35,2,26,7,64,PM10
"Priyambada Housing Estate, Haldia - WBPCB",20-11-2023 12:00:00,22.06047,88.109737,32,74,48,48,123,83,16,49,26,3,5,4,8,20,12,26,71,36,21,64,29,83,PM10
"Belur Math, Howrah - WBPCB",20-11-2023 12:00:00,22.629801,88.352017,29,98,64,46,124,89,7,16,11,2,2,2,13,17,17,6,42,15,11,62,22,89,PM10
"Ghusuri, Howrah - WBPCB",20-11-2023 12:00:00,22.611968,88.347422,55,257,148,69,158,113,24,101,44,5,14,8,7,8,7,5,88,33,5,15,6,148,PM2.5
"Padmapukur, Howrah - WBPCB",20-11-2023 12:00:00,22.5687319,88.2797276,31,95,63,53,114,88,22,47,36,6,10,8,8,35,12,24,90,49,6,47,15,88,PM10
"Ballygunge, Kolkata - WBPCB",20-11-2023 12:00:00,22.5367507,88.3638022,29,188,84,51,139,84,17,106,54,5,8,6,4,10,6,6,102,18,8,78,29,84,PM10
"Bidhannagar, Kolkata - WBPCB",20-11-2023 12:00:00,22.58157048,88.41002457,19,90,48,50,118,71,12,51,24,6,14,7,8,16,13,11,60,22,10,48,20,71,PM10
"Fort William, Kolkata - WBPCB",20-11-2023 12:00:00,22.556640,88.342674,42,237,123,46,128,93,11,90,50,11,15,13,6,29,10,10,70,29,8,85,23,123,PM2.5
"Jadavpur, Kolkata - WBPCB",20-11-2023 12:00:00,22.49929,88.36917,33,99,62,49,124,85,9,42,20,6,36,21,4,7,5,8,82,44,11,43,16,85,PM10
"Rabindra Bharati University, Kolkata - WBPCB",20-11-2023 12:00:00,22.627847,88.380669,26,95,48,49,124,77,23,25,24,7,10,8,2,17,12,18,90,28,10,74,32,77,PM10
"Rabindra Sarobar, Kolkata - WBPCB",20-11-2023 12:00:00,22.51106,88.35142,22,129,64,28,94,57,6,73,32,6,13,8,7,10,9,20,100,33,4,75,24,64,PM2.5
"Victoria, Kolkata - WBPCB",20-11-2023 12:00:00,22.5448082,88.3403691,41,179,102,25,494,170,2,19,9,1,2,1,5,9,6,26,73,46,5,89,18,170,PM10
"Ward-32 Bapupara, Siliguri - WBPCB",20-11-2023 12:00:00,26.6879226,88.4152495,31,237,75,27,218,109,21,66,41,8,12,10,9,12,11,13,92,43,7,72,19,109,PM10
